original_url,video_id,embeddable,privacyStatus,uploadStatus,license,madeForKids,note
https://www.youtube.com/shorts/4SBibAhMXr8,4SBibAhMXr8,True,public,processed,youtube,False,
https://www.youtube.com/watch?v=k5BPLATclns&list=RDk5BPLATclns&start_radio=1,k5BPLATclns,True,public,processed,youtube,False,
https://www.youtube.com/watch?v=LVfTCov8P_0&list=RDLVfTCov8P_0&start_radio=1,LVfTCov8P_0,True,public,processed,youtube,False,
https://www.youtube.com/watch?v=MJsCgUZAANE,MJsCgUZAANE,True,public,processed,youtube,False,
https://www.youtube.com/watch?v=SHZD55uQS2Q,SHZD55uQS2Q,True,public,processed,youtube,False,
https://www.youtube.com/watch?v=wUb2NMmO2Po&t=10s,wUb2NMmO2Po,True,public,processed,youtube,False,
https://youtu.be/PBLmRYnFs7E?si=vSkvSgeTqBKEt3sO,PBLmRYnFs7E,True,public,processed,youtube,False,
https://youtu.be/pHJiYu69C4c?si=xskoVED0slaCnzR5,pHJiYu69C4c,True,public,processed,youtube,False,
https://youtu.be/uQvOHHGrMjg?si=tdRtS57yk-lMb4SH,uQvOHHGrMjg,True,public,processed,youtube,False,
https://www.youtube.com/shorts/4SBibAhMXr8,4SBibAhMXr8,True,public,processed,youtube,False,
https://www.youtube.com/watch?v=CVifJI5Ykzs&list=RDCVifJI5Ykzs&start_radio=1,CVifJI5Ykzs,True,public,processed,youtube,False,
https://www.youtube.com/watch?v=EA4qpsJS9uY&list=RDEA4qpsJS9uY&start_radio=1,EA4qpsJS9uY,True,public,processed,youtube,False,
https://www.youtube.com/watch?v=GbNVK92l5vI&list=RDGbNVK92l5vI&start_radio=1,GbNVK92l5vI,True,public,processed,youtube,False,
https://www.youtube.com/watch?v=luaTQG0pvQY&list=RDluaTQG0pvQY&start_radio=1,luaTQG0pvQY,True,public,processed,youtube,False,
https://www.youtube.com/watch?v=MJsCgUZAANE,MJsCgUZAANE,True,public,processed,youtube,False,
https://www.youtube.com/watch?v=r1bo3XcQeVI&list=RDr1bo3XcQeVI&start_radio=1,r1bo3XcQeVI,True,public,processed,youtube,False,
https://www.youtube.com/watch?v=Sz-herPtZPY,Sz-herPtZPY,True,public,processed,youtube,False,
https://www.youtube.com/watch?v=ToO-PkucJac&list=RDToO-PkucJac&start_radio=1,ToO-PkucJac,True,public,processed,youtube,False,
https://www.youtube.com/watch?v=uyjiK9QCU5U&list=RDuyjiK9QCU5U&start_radio=1,uyjiK9QCU5U,True,public,processed,youtube,False,
https://www.youtube.com/watch?v=wUb2NMmO2Po&t=10s,wUb2NMmO2Po,True,public,processed,youtube,False,
https://www.youtube.com/watch?v=XsGuaAFK4zI&list=RDXsGuaAFK4zI&start_radio=1,XsGuaAFK4zI,True,public,processed,youtube,False,
https://www.youtube.com/watch?v=Z6Jz91g16Z4&list=RDZ6Jz91g16Z4&start_radio=1,Z6Jz91g16Z4,True,public,processed,youtube,False,
https://youtu.be/0VbyQ5tdavI?si=IP277RozQo8C-FBe,0VbyQ5tdavI,True,public,processed,youtube,False,
https://youtu.be/2fUVcrMA8Dg?si=bXt_fKwl3TEJiqiY,2fUVcrMA8Dg,False,public,processed,youtube,False,
https://youtu.be/30rLo4X4aI0?si=5z-mBemInLHG5BSY,30rLo4X4aI0,True,public,processed,youtube,False,
https://youtu.be/4yUauK-So28?si=SWzVaVGZ8Zv5mH_O,4yUauK-So28,True,public,processed,youtube,False,
https://youtu.be/5XjqrXpmLOI?si=SqgTK_bD6ZbFCQYk,5XjqrXpmLOI,True,public,processed,youtube,False,
https://youtu.be/6GSUGstpEwY?si=fv2IS9y7Ik5mZIUG,6GSUGstpEwY,True,public,processed,youtube,False,
https://youtu.be/850bZDi_MD0?si=sQiLbdaGzzX1GcXh,850bZDi_MD0,True,public,processed,youtube,False,
https://youtu.be/8t5Rt_LWmpE?si=cVRNkFxngFAPwxtq,8t5Rt_LWmpE,True,public,processed,youtube,False,
https://youtu.be/ADYDEx1pvEg?si=WKjpAxfpZMgEWOOy,ADYDEx1pvEg,True,public,processed,youtube,False,
https://youtu.be/aWJc-cT12Mc?si=A7qUwE_j4Nn_6PNN,aWJc-cT12Mc,True,public,processed,youtube,False,
https://youtu.be/C1w6p3TEVxI?si=CkHwXCKJOBhZwWkK,C1w6p3TEVxI,True,public,processed,youtube,False,
https://youtu.be/cesHYOjDcvg?si=LXAw8IC9GHrw_bkF,cesHYOjDcvg,True,public,processed,youtube,False,
https://youtu.be/CuX6iBnHCog?si=EiQBJU1f7jSJnO5V,CuX6iBnHCog,True,public,processed,youtube,False,
https://youtu.be/EEe4tVkaDWY?si=oxHls-A0lyQ4F5jy,EEe4tVkaDWY,True,public,processed,youtube,False,
https://youtu.be/flFE-ps5yYo?si=C90tKlW2S2fhkswP,flFE-ps5yYo,True,public,processed,youtube,False,
https://youtu.be/G0oOtkYjdFo?si=SF4z5UxjIwhh_U7d,G0oOtkYjdFo,True,public,processed,youtube,False,
https://youtu.be/g7QUMWO4fNA?si=ICdygdScrCB_E7ji,g7QUMWO4fNA,False,public,processed,youtube,False,
https://youtu.be/h34dmUw_yCQ?si=kBKlVoNxUkzEiJy3,h34dmUw_yCQ,True,public,processed,youtube,False,
https://youtu.be/iaLmf7L-B24?si=YV8cIZJ5yHJUapXE,iaLmf7L-B24,True,public,processed,youtube,False,
https://youtu.be/K-GPX2PzDKM?si=CujGtpU8GCbhp6KW,K-GPX2PzDKM,True,public,processed,youtube,False,
https://youtu.be/kkTv_aUjd5Y?si=TCkKvKpl_76ovFE8,kkTv_aUjd5Y,False,public,processed,youtube,False,
https://youtu.be/kT3rzroZSlw?si=oLL7SB-Ta9bbokKH,kT3rzroZSlw,True,public,processed,youtube,False,
https://youtu.be/LblLAQQV6ko?si=-u1Xhzl87LyAqL1j,LblLAQQV6ko,True,public,processed,youtube,False,
https://youtu.be/lplaAZBWiqY?si=ZiIrD2b5F5RkKUMF,lplaAZBWiqY,True,public,processed,youtube,False,
https://youtu.be/lu5MjHcy6Lg?si=U_kUjhTdIKlHEPoE,lu5MjHcy6Lg,True,public,processed,youtube,False,
https://youtu.be/M_mA1M44Bwc?si=wwIEDgVbo6a2_DoT,M_mA1M44Bwc,True,public,processed,youtube,False,
https://youtu.be/nhQuJuAyVlo?si=T0yl_Kydq9FeZR3X,nhQuJuAyVlo,True,public,processed,youtube,False,
https://youtu.be/PBLmRYnFs7E?si=vSkvSgeTqBKEt3sO,PBLmRYnFs7E,True,public,processed,youtube,False,
https://youtu.be/pHJiYu69C4c?si=xskoVED0slaCnzR5,pHJiYu69C4c,True,public,processed,youtube,False,
https://youtu.be/PleWU2pdK-I?si=PK_rAjjC72uEVZrZ,PleWU2pdK-I,False,public,processed,youtube,False,
https://youtu.be/PN0rH8dLn28?si=e7Cl0RcPnAV0NiH1,PN0rH8dLn28,True,public,processed,youtube,False,
https://youtu.be/PZzK3CVzLKo?si=y9ntwMjpZFCPp6dU,PZzK3CVzLKo,True,public,processed,youtube,False,
https://youtu.be/qU3fSobl6Tg?si=-qD4ayWPRQ66kyvX,qU3fSobl6Tg,True,public,processed,youtube,False,
https://youtu.be/RscsV4uuetw?si=HUEUjhme8qBCWgTd,RscsV4uuetw,True,public,processed,youtube,False,
https://youtu.be/SNKJ1kWP7nU?si=25sXKWWQSOD_NWvN,SNKJ1kWP7nU,True,public,processed,youtube,False,
https://youtu.be/STOM6NZfcrs?si=gXLx-s67rWOO7HYm,STOM6NZfcrs,True,public,processed,youtube,False,
https://youtu.be/sxvB0cCQBSg?si=nKHilaVWLS7HPpxw,sxvB0cCQBSg,True,public,processed,youtube,False,
https://youtu.be/T1NtFQHEZhQ?si=nYibiAj47Tvf7N07,T1NtFQHEZhQ,True,public,processed,youtube,False,
https://youtu.be/t6iLjbkxBZo?si=IZYjFNUaK22H1qlN,t6iLjbkxBZo,True,public,processed,youtube,False,
https://youtu.be/tC11eSDHobE?si=LpParr0eIVJHpLeT,tC11eSDHobE,False,public,processed,youtube,False,
https://youtu.be/uj5OLjty0l4?si=CBcss2RilACiME4U,uj5OLjty0l4,True,public,processed,youtube,False,
https://youtu.be/uQvOHHGrMjg?si=tdRtS57yk-lMb4SH,uQvOHHGrMjg,True,public,processed,youtube,False,
https://youtu.be/UUHuIsaNTpM?si=c6vz-9Yk28HIyiL_,UUHuIsaNTpM,False,public,processed,youtube,False,
https://youtu.be/W29sLG5YEEU?si=jeD1MNKqRDtYo9AB,W29sLG5YEEU,True,public,processed,youtube,False,
https://youtu.be/WaCRlPUPLhk?si=Nq_DXLhf7aS2DjGu,WaCRlPUPLhk,True,public,processed,youtube,False,
https://youtu.be/wJ1mqmbngO0?si=Da6UhpFc_5WlyXh-,wJ1mqmbngO0,True,public,processed,youtube,False,
https://youtu.be/WJyM13QI64E?si=0s3hgT9czCLz6uNY,WJyM13QI64E,True,public,processed,youtube,False,
https://youtu.be/wKnWL8-6qWA?si=SqpxOfrM2GfL3Zbr,wKnWL8-6qWA,True,public,processed,youtube,False,
https://youtu.be/wVlsl3QXwKU?si=u-ReqZGUQX_0Gi36,wVlsl3QXwKU,True,public,processed,youtube,False,
https://youtu.be/XI2P7HgHK9M?si=dSGqPnPDrSF8l4r7,XI2P7HgHK9M,True,public,processed,youtube,False,
https://youtu.be/xkQpfIMj1UE?si=RerH28vnO62xX_s6,xkQpfIMj1UE,True,public,processed,youtube,False,
https://youtu.be/XxbBN4AtFio?si=fc8UNPVlvOFWQnl7,XxbBN4AtFio,True,public,processed,youtube,False,
https://youtu.be/YQNb89xnKvQ?si=pyGPH6aMgEP0P8Kk,YQNb89xnKvQ,True,public,processed,youtube,False,
https://www.youtube.com/watch?v=CU0L7UA7bes,CU0L7UA7bes,True,public,processed,youtube,False,
https://www.youtube.com/watch?v=morLqJId824&t=160s,morLqJId824,True,public,processed,youtube,False,
https://www.youtube.com/watch?v=V2vMTctl9GI,V2vMTctl9GI,True,public,processed,youtube,False,
https://youtu.be/46GGxF_Bwhg?si=hq_C9hVDlY1BWzP8,46GGxF_Bwhg,False,public,processed,youtube,False,
https://youtu.be/6J5nHIAUVpE?si=EOjZGpZTko_IcwXX,6J5nHIAUVpE,True,public,processed,youtube,False,
https://youtu.be/7roLau2vAV8?si=FEGj5Mb_RlZzx6gT,7roLau2vAV8,True,public,processed,youtube,False,
https://youtu.be/cKFabjoRdJo?si=5cSF_PiIYlr3YrOL,cKFabjoRdJo,True,public,processed,youtube,False,
https://youtu.be/EOgirs8vE_A?si=Q2RFfg0kT2ZxNYrb,EOgirs8vE_A,True,public,processed,youtube,False,
https://youtu.be/eXd7N0QsCH0?si=YJOsltdt56_T-bWv,eXd7N0QsCH0,True,public,processed,youtube,False,
https://youtu.be/gT7dABHA92E?si=cH_-QrWURMCiyWcQ,gT7dABHA92E,True,public,processed,youtube,False,
https://youtu.be/in1W2D24ohM?si=6mv1TBObzMBcWp4P,in1W2D24ohM,True,public,processed,youtube,False,
https://youtu.be/JQC85Nq7V0s?si=G3COoVGv8eeosDkB,JQC85Nq7V0s,True,public,processed,youtube,False,
https://youtu.be/mAvJ4SUb2DU?si=nHhuJ3A_o-_3MdmG,mAvJ4SUb2DU,True,public,processed,youtube,False,
https://youtu.be/tfZrC59unRA?si=-oZYxIsqO_5emiNn,tfZrC59unRA,True,public,processed,youtube,False,
https://youtu.be/VR-ak1-RURU?si=0lL1P-pEMJJwdNKs,VR-ak1-RURU,True,public,processed,youtube,False,
https://youtu.be/vywZigBV19s?si=AxhbdHHjOQzAuf-W,vywZigBV19s,True,public,processed,youtube,False,
