Video ID,Title,Description,Channel Title,Publish Date
honflNZTKHk,Instrumental - Deewaar (1975) - 'I'm Falling In Love With A Stranger',"Music: Rahul Dev Burman
Vocals: Ursula Vaz (Daughter of the famous Jazz musician of Bombay, Antonio Xavier Vaz, popularly known as Chic Chocolate).

Music Assistants:
Manohari Singh: Brass & Woodwind section
Marutirao Keer: Rhythm section
Basudeb Chakrabarti: Strings section

The opening lines of the song may be an adaptation from the theme music of the American sitcom, The Odd Couple (1970)
https://www.youtube.com/watch?v=kDrfHj3j398",Archisman Mozumder,2015-10-11T11:31:18Z
uQvOHHGrMjg,*****R.D.BURMAN BOSS Special***** SAAGAR Theme*** H D audio,***R.D.BURMAN BOSS Special*** SAAGAR Theme*** High Definition Audio,NUPUR,2018-06-26T04:55:07Z
pHJiYu69C4c,Babu (henchman) entry | Unique background music | Gargling | Anette Pinto | R D Burman,"The scene shows entry of Ranjeet Singh (Amjad Khan)'s henchman Babu (Amitabh Bachchan)'s entry from Jail. 

R D Burman informed singer Anette Pinto to gargle on the mic and he recorded that voice. This is probably unique and the only such background music!

Brilliance of Panchamda (R D Burman)",Vishal Shah,2019-09-05T07:56:33Z
PBLmRYnFs7E,Chase Music of Film Arjun 1985 ||MUSIC by R  D  Burman,,satayuchakraborty,2014-04-16T08:59:19Z
CpYuH4Cc8Mk,"Raah Pe Rehte Hain Yaadon Pe Basar Karte  { The Great Kishore Kumar } *RD Burman & Gulzar`s""","{{ The Great Kishore Kumar }}
Movie : Namkeen (1982)
Music : RD Burman
Lyrics : Gulzar
Starring : Sanjeev Kumar, Waheeda Rehman, Sharmila Tagore, Shabana Azmi
Directed By : Gulzar",Aziee4u3,2020-05-28T04:25:59Z
C1w6p3TEVxI,Aye Zindagi Hui Kahan Bhool Jiski ( The Great Kishore Kumar ) *Namumkin 1988* HD,"One of The Rare But An Exceptional Melodious Gift by The Great Kishore Kumar and RD Burman.
Movie : Namumkin (1988)
Music : RD Burman
Lyrics : Anjaan
Starring : Vinod Mehra Raj Babbar Sanjeev Kumar Zeenat Aman Om Shiv Puri Shreeram Lago
Written By : DN Mukherjee
Produced By : Bidhu Jha
Directed By : Hrishikesh Mukherjee",Aziee4u3,2014-07-20T05:36:10Z
WaCRlPUPLhk,Na Jaane Din Kaise (Both Parts) | Chala Murari Hero Banne (1977) | Vinyl Audio,"Splendid Pancham composition from the 1977 film Chala Murari Hero Banne. This composition has Yaman shades. Beautifully rendered by Kishore Kumar. 

Song Credits:

Song: Na Jaane Din Kaise 
Film: Chala Murari Hero Banne 
Singer: Kishore Kumar 
Music: R. D. Burman 
Lyrics: Yogesh 
Year: 1977",RD Burman The Music Scientist,2023-09-14T09:27:43Z
PleWU2pdK-I,Main Shayar Badnam | Rajesh Khanna | Kishore Kumar | R.D. Burman | Namak Haraam | Emotional Song,"Watch superhit classic emotional song ""Main Shayar Badnam"" from Super Hit movie Namak Haraam (1973), a Social Family Drama.
Starring: Rajesh Khanna, Amitabh Bachchan, Rekha, Asrani, Raza Murad, A.K.Hangal.
WINNER OF 2 FILMFARE AWARDS: Best Dialogue - Gulzar,  Best Supporting Actor- Amitabh Bachchan. 
Music: R.D.Burman, Director: Hrishikesh Mukherjee.
Singer: Kishore Kumar

‚ñ∫ Subscribe to Ultra Bollywood - http://bit.ly/SubscribeUltraBollywood

‚ñ∫ Click To Watch Lata Mangeshkar Hit Songs : - https://bit.ly/LataMangeshkarHitSongs
‚ñ∫ Click To Watch Udit Narayan Hit Songs : - https://bit.ly/UditNarayanHitSongs
‚ñ∫ Click To Watch Kumar Sanu Hit Songs : - https://bit.ly/KumarSanuSongs
‚ñ∫ Click To Watch Alka Yagnik Hit Songs :- https://bit.ly/AlkaYagnikSongs
‚ñ∫ Click To Watch Kishore Kumar Songs : - https://bit.ly/KishoreKumarSong
‚ñ∫ Click To Watch Hindi Comedy Scenes : - https://bit.ly/HindiComedyScenes
‚ñ∫ Click To Watch Best Collections of Salman Khan : - https://bit.ly/SalmanKhanBestCollections
‚ñ∫ Click To Watch Best Aamir Khan Scenes : - https://bit.ly/AamirKhanComedyScenes
‚ñ∫ Click To Watch Evergreen Hindi Songs : -  https://bit.ly/EvergreenHindiSongs
‚ñ∫ Click To Watch Romantic Songs in 4K :- https://bit.ly/4KHindiRomanticSongs
‚ñ∫ Click To Watch Superhit Hindi Songs in 4K - https://bit.ly/4KHindiSongs

‚ñ∫ Website: http://www.ultraindia.com
‚ñ∫ Like us on Facebook: https://www.facebook.com/UltraHindi
‚ñ∫ Follow us on Twitter: https://twitter.com/UltraHindi

#MainShayarBadnam #KishoreKumar #NamakHaraam",Ultra Bollywood,2010-01-01T08:48:29Z
xkQpfIMj1UE,Mujhko Yuhi Udaas | Clean Mix | Kishore Kumar | RD Burman | Gulzar | Khushboo | Unreleased,"This Beautiful Song Was Shelved, But I Fell In Love With The Tune As I Witnessed The Entire Production Five Decades Ago
I Requested Pancham Da To Recreate This In Bengali Hence My Song Kato Din Ar Ebhabe Boshe Thaki Was Made

Now After 49 Years This Song Has Come Out In Public Domain Hence I'm Sharing It For All The Listeners
This One Is A Clean Mix, Enjoy

Thanks To Late Mili Bhattacharya & The PANCHAM MAGIC PUNE Group For Sharing This Priceless Gift With All Of Us


Regards
Amit Kumar

#KishoreKumar #Unreleased #RdBurman #Khushboo",Amit Kumar Official,2022-07-16T11:14:37Z
flFE-ps5yYo,Teesri Manzil - Tumne Mujhe Dekha,"Tumne Mujhe Dekha
Performers: Shammi Kapoor, Asha Parekh
Singer: Mohammad Rafi
Music: R.D. Burman
Lyrics: Majrooh Sultanpuri
Film: Teesri Manzil, 1966
Starring: Shammi Kapoor, Asha Parekh, Raj Mehra, Prem Chopra, Laxmi Chhaya, Neeta, Helen

For Shammi. R.I.P.",The Edwina Channel,2012-02-24T22:42:37Z
tC11eSDHobE,A Ri Pawan Dhunde Kise Tera Mann | RD Burman | Amitabh B | Rakhee | Lata M - HD Video,"#RDBurman #PanchamDa #RDBurmanHitSongs #RD #Bollywood #Hits Song: A Ri Pawan Dhunde Kise Tera Mann
Movie: Bemisal (1982)
Actor (s): Rakhee, Amitabh Bachchan, Vinod Mehra
Singer (s): Lata Mangeshkar
Music Director: R. D. Burman
Lyricist: Anand Bakshi

#rdburman #Amitabhbachchan #Latamangeshkar


SUBSCRIBE now to RD Burman - Pancham Da Channel for original songs https://www.youtube.com/channel/UCBB7...

To see all the latest music playlists that we've created just for you, click here
https://www.youtube.com/channel/UCBB7...

Download the ShemarooMe app now and share it with all the asli fans
https://shemaroome.app.link/fjmW99wk3W

Give a missed call on 18002665151 
www.shemaroome.com",RD Burman Hit Songs ,2021-09-06T12:30:11Z
2fUVcrMA8Dg,Kisi Baat Pe Main Kisise Khafa Hoon - Rakhee - Amitabh - Vinod Mehra - Bemisal Songs - Kishore Kumar,"| 
#KishoreKumar #KishoreDa #KishoreKumarKeGaane #KishoreKumarThe Legend


SUBSCRIBE NOW = https://www.youtube.com/channel/?sub_confirmation=1

Follow us on:

Facebook - Follow us on https://www.facebook.com/ShemarooFilmiGaane/

Twitter - https://twitter.com/FilmiGaane

Instagram - https://www.instagram.com/shemaroofilmigaane/?hl=en Movie: Bemisal (1982)
Music Director: R.D. Burman 
Singers: Kishore Kumar 
Director: Hrishikesh Mukherjee
Lyrics: Anand Bakshi

Enjoy this Hit song from the 1982 movie Bemisal starring Amitabh Bachchan, Rakhee, Vinod Mehra, Deven Verma and Aruna Irani.",Kishore Kumar Hit Songs,2023-02-08T12:30:02Z
0VbyQ5tdavI,Sawan Ke Jhoole - Sad - (HD) - Jurmana (1979) Song- Amitabh Bachchan - Raakhee - Old Bollywood Songs,"""Movie: Jurmana (1979)
Singer: Lata Mangeshkar
Music Director: R D Burman
Director: Hrishikesh Mukherjee

Sawan Ke Jhoole is a HD song from the 1979 film Jurmana starring Amitabh Bachchan, Raakhee and Vinod Mehra. Listen to these songs and have a good time. 

From the latest Bollywood songs to the oldest, SUBSCRIBE now to http://www.YouTube.com/FilmiGaane

To see all the latest music playlists that we've created just for you, click here - http://www.youtube.com/user/filmigaane/videos?sort=dd&flow=list&view=1

Connect with us on :-

Facebook - http://www.Facebook.com/FilmiGaane
Twitter - http://Twitter.com/FilmiGaane 
Join us on Pinterest - http://pinterest.com/shemaroo
Circle & Follow us on google.com/+filmigaane"" .

Download Filmi Gaane App - http://twd.bz/fg
Sign up for Free and get daily updates on New Videos, exclusive Web Shows, contests & much more
http://youtube.shemaroo.com/default.aspx

Send us your feedback and suggestions at : connect@shemaroo.com",Shemaroo Filmi Gaane,2016-07-29T05:52:32Z
iaLmf7L-B24,Oh Hansini Video Song | ‡§ì ‡§π‡§Ç‡§∏‡§ø‡§®‡•Ä | Kishore Kumar | Zehreela Insaan | R. D Burman | Old Hindi Songs,"Oh Hansini Video Song | ‡§ì ‡§π‡§Ç‡§∏‡§ø‡§®‡•Ä | Kishore Kumar | Zehreela Insaan | R. D Burman | Old Hindi Songs

üî∏ Stay updated with latest videos from SuperHit Gaane ‚úîÔ∏è
      SUBSCRIBE NOW : https://www.youtube.com/c/SuperHitGaane

üéµ Song Credits ‚úîÔ∏è
       Movie : Zehreela Insaan (1974)
       Song : Oh Hansini 
       Singer : Kishore Kumar
       Lyrics : Majrooh Sultanpuri
       Music : R D Burman
       Starring : Rishi Kapoor, Moushumi Chatterjee

üéµ  Lyrics : 

o hansani meri hansani, kaha ud chali
mere armano ke pankh laga ke, kaha ud chali
o hansani meri hansani, kaha ud chali
mere armano ke pankh laga ke, kaha ud chali

aaja meri saanso mai mahak raha re tera gajra
o aaja meri raato mai lahak raha re tera kajra
o aaja meri saanso mai mahak raha re tera gajra
o aaja meri raato mai lahak raha re tera kajra
o hansani meri hansani, kaha ud chali
mere armano ke pankh laga ke, kaha ud chali

der se laharo mai kamal sambhaale huye man ka
jivan taal mai bhatak raha re tera hansa
der se laharo mai kamal sambhaale huye man ka
jivan taal mai bhatak raha re tera hansa
o hansani meri hansani, kaha ud chali
mere armano ke pankh laga ke, kaha ud chali
kaha ud chali, kaha ud chali

üî∏ Click & Play Amazing Songs from SuperHit Gaana Playlist :

‚ñ∫ Sanjeev Kumar Classic Hit Songs Click Below Link :
     https://youtube.com/playlist?list=PLUOEf-vLOCSlYBmVKq-7dgmwb2hDOqbKk

‚ñ∫  Lata Mangeshkar 4K Songs Click Below Link :
      https://youtube.com/playlist?list=PLUOEf-vLOCSkQ_KAyU3zGHs0ukxpt28bO

‚ñ∫  R. D. Burman Best Classic Songs Click Below Link :
      https://youtube.com/playlist?list=PLUOEf-vLOCSnhlfnTNoOaru4C81wWhBqf

‚ñ∫  Lata Mangeshkar Classic Songs Click Below Link :
      https://youtube.com/playlist?list=PLUOEf-vLOCSlFF1BpMW711BqS5OBGiXhO

‚ñ∫  Lata Mangeshkar Songs Click Below Link :
      https://youtube.com/playlist?list=PLUOEf-vLOCSma0D2WswyzLEeTDr8h_tZ4

‚ñ∫  Bollywood 4K Romantic Songs Click Below Link :
      https://youtube.com/playlist?list=PLUOEf-vLOCSl9f03EDMf7q8_gyXjo20uB

‚ñ∫  Hindi Romantic Songs 4K Click Below Link :
       https://youtube.com/playlist?list=PLUOEf-vLOCSkZ4zC_pbnyQWQ-thmQJ8Ny

‚ñ∫  Bollywood Classic Songs Click Below Link :
      https://youtube.com/playlist?list=PLUOEf-vLOCSk2YAeqZuEYCCL1VZbnD-wP

‚ñ∫  Old Bollywood Songs in 4K Click Below Link :
       https://youtube.com/playlist?list=PLUOEf-vLOCSlgH8SI5Gux3fHIjx31LqCe

‚ñ∫  Hindi Classic Songs 4K Click Below Link :
      https://youtube.com/playlist?list=PLUOEf-vLOCSmyO3BwOyd3oHslbrPYCEMf

‚ñ∫  Bollywood Classic Songs in 4K Click Below Link :
      https://youtube.com/playlist?list=PLUOEf-vLOCSnSZHSpAFAdAbjLM4xaCMV1

#superhitgaane #bollywoodclassicsong #bollywood4ksongs #sanjeevkumar #jayabachchan #4ksongs #AnandBakshi #BollywoodSongs #mohabbat #kishorekumar #kishore #kishorekumarsongs #kishorekumarhits",SuperHit Gaane,2024-10-25T13:30:26Z
RscsV4uuetw,Jidhar Dekhoon Teri Tasveer | Amitabh Bachchan | R.D Burman | Mahaan,"Song: Jidhar Dekhoon Teri Tasveer
Movie: Mahaan (1983)
Actor(s): Amitabh Bachchan, Waheeda Rehman
Singer: Amitabh Bachchan
Music: R.D Burman
Lyricist: Anjaan

#kishorekumar #amitabachchan

Enjoy this super hit song from the 1983 movie Mahaan starring Amitabh Bachchan, Waheeda Rehman, Zeenat Aman, Parveen Babi, Aruna Irani, Ashok Kumar and Amjad Khan.

SUBSCRIBE now to FilmiGaane: https://goo.gl/mx4zPe

Download the ShemarooMe app now and share it with all the asli fans
https://shemaroome.app.link/fjmW99wk3W

Give a missed call on 18002665151 
www.shemaroome.com

To see all the latest music playlists that we've created just for you, click here https://www.youtube.com/user/filmigaane/playlists

Download FilmiGaane App - http://twd.bz/fg

Connect with us on:-
Facebook - http://www.Facebook.com/FilmiGaane
Twitter - http://Twitter.com/FilmiGaane 
Join us on Pinterest - http://pinterest.com/shemaroo
Circle & Follow us on google.com/+filmigaane

Sign up for Free and get daily updates on New Videos, exclusive Web Shows, contests & much more: http://youtube.shemaroo.com/default.aspx
Send us your feedback and suggestions at connect@shemaroo.com",Shemaroo Filmi Gaane,2021-11-12T09:04:56Z
ADYDEx1pvEg,#SUDAY'S GEETMALA #KYA JAANU SAJAN HOTI HAI #BAHARON KE SAPNE #CLASSIC SONG #LATA DIDI #ASHA PAREKH,,Sushma Patne,2022-01-18T10:28:58Z
PZzK3CVzLKo,Katra Katra Milti Hai Katra Katra Jeene Do | Asha Bhosle | Ijaazat 1987 Songs|  R. D. Burman | Rekha,"Presenting KATRA KATRA MILTI HAI KATRA KATRA JEENE DO FULL VIDEO SONG WITH LYRICS from IJAAZAT movie starring Rekha, Naseeruddin Shah, Anuradha Patel, Shammi Kapoor in lead roles, released in 1987. The song is sung by Asha Bhosle and music is given by R. D. Burman, music is available exclusively on Gaane Sune Ansune.

Movie:- Ijaazat (1987)
Starcast:- Anuradha Patel, Naseeruddin Shah, Rekha
Song:- Katra Katra Milti Hai Katra Katra Jeene Do
Singer:- Asha Bhosle
Lyricist:- Gulzar
Music :- R D Burman

#80sHindiSongs #RDBurmanSongs #GulzarSongs #RekhaSongs #NaseeruddinShahSongs #AshaBhosleSongs #HDSongs #GaaneSuneAnsune

‚ñ∫ Click to Watch Gaano Ke Ustaad Jukebox - https://bit.ly/3i6KW0J

‚ñ∫Click to Watch Best Of Gulzar - https://youtu.be/UfxDR7K-fDY
_______________________________________

Enjoy and stay connected with us!!

 
Log on to YouTube and tune in to Gaane Sune Ansune to listen your all-time favorites, any time, any day.
http://www.youtube.com/gaanesuneansune

Circle us on G+
http://www.google.com/+gaanesuneansune

 Like us on Facebook
http://www.facebook.com/GaaneSuneAnsune

 Follow us on
http://www.twitter.com/gaanesuneansune

----------------------------------------------------------------------------",Goldmines Gaane Sune Ansune,2015-10-10T03:00:01Z
wVlsl3QXwKU,Dhanno Ki Aankhon Me (Video Song) - Kitaab,"Stream & watch back to back Full Movies only on Eros Now -¬†https://goo.gl/GfuYux

Watch out for the song "" Dhanno Ki Aankhon Me "" from Kitaab sung by R D Burman.

Song Name : Dhanno Ki Aankhon Me
Movie Name : Kitaab
Singers : R D Burman.
Actor ‚Äì Master Raju, Uttam Kumar, hreeram Lagoo, Vidya Sinha, Dina Pathak & Keshto Mukherjee.
Directed by - Gulzar
Lyricist : Gulzar
Music Director/ Composer : R D Burman.
Produced by - Gulzar & Pranlal Mehta.
Year of Release : 1977.

#Gulzar #RDBurman #BollywoodRetro

For more such videos SUBSCRIBE to 
Bollywood Retro - http://bit.ly/1ycRfV6

Watch Kitaab Full Movie On Eros Now 
 - http://bit.ly/2OGfTd9

For Full Movies - http://erosnow.com/#!/movies/genres
For Bollywood Latest Movie Videos - http://bit.ly/1vmUl6s",Bollywood Retro,2018-10-24T05:15:00Z
M_mA1M44Bwc,Subha Serial Title Song By RD Burman | DD National | The Nostalgia,"Subah¬†(TV series)

Subah¬†is an Indian television series that aired on Doordarshan in 1987 directed by¬†Bharat Rangachary.
It is based on a novel by¬†Sivasankari¬†on¬†drug addiction. 
The title song for the series, ""Aye zamane tere samne aa gaye"", was done by legendary composer¬†R. D. Burman.

Subah Written by Sivasankari
Directed by Bharat Rangachary
Country of origin India
Original language Hindi
Production Running time approximately 25 minutes 
Release Original network DD National
Picture format 480i
Original release1987

Plot

The story starts with an innocent young man joining college. He is friends with a¬†junkie¬†Salim Ghouse. And then how he falls for drugs.

Cast

Salim Ghouse¬†as Bharat

Kumar Bhatia as Prem

#TheNostalgia #RDBurman #Subha #DDNational",The Nostalgia,2022-03-28T04:01:24Z
t6iLjbkxBZo,Masterji ki aa gayi chitthi..Kitaab 1977_Shivangi & Padmini Kolhapure _Gulzar_R D Burman..a tribute,"Song : Masterji ki aa gayi chitthi ..a a i ee, a a i i ..   din taak taak din..
Singers- : Shivangi & Padmini Kolhapure
Kitaab is a 1977 Hindi movie. Produced by Pranlal Mehta and Gulzar the film is directed by Gulzar. The film stars Uttam Kumar, Vidya Sinha, Shreeram Lagoo, Keshto Mukherjee and Asit Sen. Musical score is by R. D. Burman.
Song is picured on master Raju and Master Titoo

Hindi Lyrics :-

( din taak taak din ) 2 
( a a i ee, a a i i 
maastarji ki a gayi chitthi 
chitthi mein se nikli billi 
chitthi mein se nikli billi ) 2 

( billi khaay zarda paan 
kaala chashma peeli kaan ) 2 

aaha a a i ee, a a i i 
maastarji ki a gayi chitthi 
chitthi mein se nikli billi 
chitthi mein se nikli billi 

( din taak taak din ) 2 

( kaan mein jhumkaa, naak mein batti ) 2 
haath mein jaise agarbatti 
(nahi magarbatti, agarbatti, magarbatti, agar agarbatti) 
( agar ho batti kachhua chaap 
aag pe baitha paani taap ) 2 
taap chadhe to kambal taan 
vi aai pee, ( vi aai pi underwear baniyaan ) 2 

( din taak taak din ) 2 

( a a i ee, a a i i 
maastarji ki a gai chitthi 
chitthi mein se nikla machhar 
chitthi mein se nikla machhar ) 2 

( machhar ki do lambi moonchhein 
moonch pe baandhe do do patthar ) 2 
patthar pe ek aam ka jhaad 
moonch pe lekar chala pahaad 
pahaad pe baitha boodha jogi 
jogi ki ek jogan hogi 
( gathari mein laaga chor 
musafir dekh chaand ki or ) 
pahaad pe baitha boodha jogi 
jogi ki ek jogan hogi 
jogan koote kacha dhaan 
vi aai pee, ( vi aai pi underwear baniyaan ) 2 

( din taak taak din ) 2 

( a a i ee, a a i i 
maastarji ki a gayi chitthi 
chitthi mein se nikla cheeta 
chitthi mein se nikla cheeta ) 2 
thoda kaala thoda peela 
cheeta nikla hai sharmeela 
thoda-thoda kaala thoda-thoda peela 
cheeta nikla hai sharmeela 
( are wa wa chaal dekho ) 
ghunghat daal ke chalta hai 
maang mein sindoor bharta hai 
maathe roz lagaaye bindi 
english bole matlab hindi 
( if agar is hai but par what matalab kya ) 
maathe roz lagaaye bindi 
english bole matalab hindi 
hindi mein algebra chaan 
( vi aai pi underwear baniyaan ) 2 
saawadhaan !..

Kitaab 1977 :-
This is strictly a family drama showing sacrifice made by a girl for the up lift of her family. The direction is very very good and the story is in close touch with the realities of Indian families of early 70's. If you do not like a lot of emotions and crying, this may not be the movie for you. if you like to see India's culture of 70 this movie serves you right. If you like what you see, you may also want to watch Mumtaz in 'Upasana' and 'Khilona'",9431885 MK,2011-09-09T18:47:15Z
8t5Rt_LWmpE,"Samundar Mein Nahake | R.D.Burman | Pukar (1983) | Amitabh Bachchan, Zeenat Aman | Superhit Old Song","Stay updated with the latest videos from Shemaroo Filmi Gaane Subscribe on the below link.
https://www.youtube.com/channel/UCP6uH_XlsxrXwZQ4DlqbqPg

""Samundar Mein Nahake"" is a popular and lively song from the 1983 Bollywood film Pukar, which features Amitabh Bachchan and Zeenat Aman in the lead roles. The song became a superhit and is still remembered as a classic from that era.

Samundar Mein Nahake | R.D.Burman | Pukar (1983) | Amitabh Bachchan, Zeenat Aman | Superhit Old Song

Song : Samundar Mein Nahake
Movie : Pukar (1983)
Star Cast : Amitabh Bachchan, Zeenat Aman.
Singers : R.D.Burman
Music Director : R.D.Burman
Lyricist : Gulshan Baawra

#rdburman #amitabhbachchan #zeenataman #randhirkapoor #tinamunim #hindisong #hindigane #hindiromanticsong #hindilovesong #lovesong #romanticsong #romantichindisongs #bollywoodsongs #bollywoodlovesongs #bollywoodoldsongs #oldhindisongs #oldlovesongs #oldisgold #oldsong #filmigaane #puranegane #evergreenhits #evergreensongs #rdburmansongs #kishorekumarsongs #ashabhoslesongs #amitabhbachchansongs #zeenatamansongs #randhirkapoorsongs #tinamunimsongs  

Song Lyrics:
Samundar me naha ke aur bhi namakin ho gai ho
samundar me naha ke aur bhi namakin ho gai ho
are laga hai pyar ka wo rag
are laga hai pyar ka wo rag ke ragin ho gai ho
samundar me naha ke aur bhi namakin ho gai ho

dekha tujhako dil me aya dekhata hi rahun
bhige-bhige badan ko tere khilata kamal kahun
dekha tujhako dil me aya dekhata hi rahun
bhige-bhige badan ko tere khilata kamal kahun
meri nazar ki tum bhi
are meri nazar ki tum bhi shauqin ho gai ho
samundar me naha ke aur bhi namakin ho gai ho

hansati ho to dil ki dhadakan ho jaye aur jawan
chalati ho jab lahara ke to dil me uthe tufan
hansati ho to dil ki dhadakan ho jaye aur jawan
chalati ho jab lahara ke to dil me uthe tufan
are pahale thi behatar ab to
pahale thi behatar ab to behatarin ho gai ho
samundar me naha ke aur bhi namakin ho gai ho
are laga hai pyar ka wo rag
laga hai pyar ka wo rag ke ragin ho gai ho
samundar me naha ke aur bhi namakin ho gai ho, ho

Subscribe to India‚Äôs #1 Retro Channel #FilmiGaane: https://goo.gl/mx4zPe 
Hit Lyrical Videos: https://www.youtube.com/watch?v=FKkuP1cHp_o&list=PL4OqLl4qvLkcAUhx51FoJESbbUfYipQUm
Jukebox Special | All Movie Songs: https://www.youtube.com/watch?v=AF5icVkcokg&list=PLYGfVFet56Bh2AXo-pAK_EW-uasc00_pO
The 25 Most-Liked Bollywood Songs: https://www.youtube.com/watch?v=D5CpJFbb3TM&list=PL4OqLl4qvLkcHGQLSixVSZ-wLAAC3kLEm
Romance Rewind‚ù§Ô∏è Bollywood 90s Romantic Duets: https://www.youtube.com/watch?v=Q-0NNaJ4SCc&list=PL4OqLl4qvLkfPy06tU8R3LDJXmmmBN97F
R.D. Burman - The Unforgettable Musical Genius: https://www.youtube.com/watch?v=YcwcXafsVYQ&list=PL4OqLl4qvLkft0JdE6Xa71mZmN_jZeY9n
Lata Mangeshkar - The Nightingle Of India: https://www.youtube.com/watch?v=UlEkpIfkqEk&list=PL4OqLl4qvLkcB8GVN6i-ezl9FPNW3B-Aq

Connect with us on:-
Facebook - https://www.facebook.com/ShemarooFilmiGaane/
Twitter - https://twitter.com/FilmiGaane
Instagram - https://www.instagram.com/shemaroofilmigaane/?hl=en
ShemarooMe : https://shemaroome.onelink.me/ilnR/yt

Join us:
https://www.youtube.com/channel/UC07J2Vs5OYLgLIQVPB2vwhQ
https://www.youtube.com/channel/UCLqTKWVsRjsOy0I4aunMcFQ
https://www.youtube.com/channel/UC-e70J5nW2EopdLvGeR4-eQ
https://www.youtube.com/channel/UCFXM2q9sQwgs10AgVAgI2pQ
https://www.youtube.com/channel/UCO-Z0CRgX71ppIE5fG3h-BA
https://www.youtube.com/channel/UCBB7w9_7jUuiCr69hlcangw
https://www.youtube.com/channel/UCpxeKxLhvpSFBSQ0t_ryXAQ
https://www.youtube.com/channel/UCgsxOsJ2G77JrgvvUwPUBNQ
https://www.youtube.com/channel/UCHxesL9dMAJOcMzO-HFXFyw
https://www.youtube.com/channel/UCNKWDRJ0EOilNMoPQb2mKcw
https://www.youtube.com/channel/UCzFd5zX1jIpeCo-jB_DY8UA
https://www.youtube.com/channel/UCHK99ZuzHzDgIf5BXgDvBdg",Shemaroo Filmi Gaane,2025-04-09T13:00:12Z
h34dmUw_yCQ,Rekha-Vinod Mehra Romantic Song - Phir Wahi Raat Hai Khwab Ki 4K - Kishore Kumar | Ghar Movie Songs,"Enjoy a relaxed romantic melody 'Phir Wohi Raat Hai Khwab Ki' from the movie 'Ghar(1978)' Starring Rekha & Vinod Mehra; Sung in the vocals of Kishore Kumar.
Music by  R.D. Burman. lyrics penned by Gulzar.

üî∏Stay Updated with the latest videos from SuperHit Gaane,
     Subscribe Now : https://bit.ly/3iZ0vcT 

üî∏ Song Credits :
      Song : Phir Wohi Raat Hai Khwab Ki
      Movie : Ghar(1978)
      Singer : Kishore Kumar
      Lyricist : Gulzar
      Music Director : R.D. Burman
      Director : Manik Chatterjee
      Star Cast : Rekha, Vinod Mehra

üî∏ Lyrics of  Phir Wohi Raat Hai Khwab Ki : 

         Phir wahi raat hain
         Hmm hmm hmm
         Phir wahi raat hain
         Phir wahi raat hain
         Khwaabo ki
         Raat bhar khwaab mein
         Dekha karenge tumhe
         Phir wahi raat hain
         Phir wahi raat hain
         Phir wahi raat hain
         Khwaabo ki
         Raat bhar khwaab mein
         Dekha karenge tumhe
         Phir wahi raat hain

         Masoom si neend
         Mein jb koi sapna chale
         Humko bula lena tum
         Palko ke parde tale
         Yeh raat hain khwaab
         Ki khwaab ki raat hain
         Phir wahi raat hain
         Phir wahi raat hain
         Phir wahi raat hain
         Khwaabo ki

         Kaanch ke khwaab hain
         Aankhon mein chubh jayenge
         Palko mein le na inhe
         Aankho mein rut jayenge
         Yeh raat hain khwaab
         Ki khwaab ki raat hain
         Phir wahi raat hain
         Phir wahi raat hain
         Phir wahi raat hain
         Khwaabo ki
         Raat bhar khwaab mein
         Dekha karenge tumhe
         Phir wahi raat hain
         Raat hain raat hain.

üî∏ To See all the Latest Music Playlists that We've Created Just for you, Click here :

‚ñ∫ Kishore Kumar Classic Hits Click Below Link :
     https://youtube.com/playlist?list=PLUOEf-vLOCSkxWY5z9cjS4OT3oZ9D8suk 

‚ñ∫ Rekha Songs 4K Click Below Link :
     https://youtube.com/playlist?list=PLUOEf-vLOCSl3UnQz4E2xP9AQlG4wU9-8

‚ñ∫ Hindi Classic Songs 4K Click Below Link :
     https://youtube.com/playlist?list=PLUOEf-vLOCSmyO3BwOyd3oHslbrPYCEMf

‚ñ∫ 70s Romantic Songs 4K Quality Videos Click Below Link :
     https://youtube.com/playlist?list=PLUOEf-vLOCSke_ckDW9dWbMZDPa6d-lpb

‚ñ∫ R. D. Burman Best Classic Songs  Click Below Link :
     https://youtube.com/playlist?list=PLUOEf-vLOCSnhlfnTNoOaru4C81wWhBqf

‚ñ∫ Kishore Kumar 4K Songs Click Below Link :
     https://youtube.com/playlist?list=PLUOEf-vLOCSnJifCNGbkQMQz6Hp7rkoW1

‚ñ∫ Hindi Songs 4K Quality Click Below Link :
     https://youtube.com/playlist?list=PLUOEf-vLOCSluZfxzE1N4bhK5OKjwdrgX

‚ñ∫ Bollywood 4K Romantic Songs Click Below Link :
     https://youtube.com/playlist?list=PLUOEf-vLOCSl9f03EDMf7q8_gyXjo20uB

‚ñ∫ Old Hindi Songs 4K Click Below Link :
     https://youtube.com/playlist?list=PLUOEf-vLOCSm3r2DaD2aqN5D_0bdtaFmu

#VinodMehra #Rekha #KishoreKumar #superhitgaane #bollywood4ksongs #4ksongs #rekhahitsongs  #RDBurman #vinodmehra #Ghar #BollywoodSongs #LatestSongs #HindiSongs #RomanticSongs #70sHindiSongs #rdburmansong

Phir Wahi Raat Hai Khwab Ki [4K] Video Song : Kishore K | Vinod Mehra, Rekha | Ghar | Romantic Songs",SuperHit Gaane,2023-06-04T11:30:19Z
kkTv_aUjd5Y,"Phulon Ki Duniya Se | Rickshawala (1973) | Randhir Kapoor, Neetu Singh | Kishore Kumar Hit Songs","| 
#KishoreKumar #KishoreDa #KishoreKumarKeGaane #KishoreKumarThe Legend


SUBSCRIBE NOW = https://www.youtube.com/channel/?sub_confirmation=1

Follow us on:

Facebook - Follow us on https://www.facebook.com/ShemarooFilmiGaane/

Twitter - https://twitter.com/FilmiGaane

Instagram - https://www.instagram.com/shemaroofilmigaane/?hl=en Song ‚ñ∂ Phoolon Ki Duniya Se Taron Ki Duniya Mein
Movie ‚ñ∂ Rickshawala (1973)
Actor(s) ‚ñ∂ Randhir Kapoor, Neetu Singh
Singer(s) ‚ñ∂ Kishore Kumar, Asha Bhosle
Music ‚ñ∂ R. D. Burman
Lyrics ‚ñ∂ Anand Bakshi

#KishoreKumarHitSOngs‚Äã #KishoreKumarSongs‚Äã #oldhindisong

Enjoy watching this amazing song in magical voice of music legend Kishore Kumar.  Its melodious composition and meaningful lyrics perfectly uplift this song to a whole new level. Have a great time watching many such other songs of Kishoreda only on ‚ÄòKishore Kumar Hit Songs‚Äô.",Kishore Kumar Hit Songs,2022-01-03T06:30:05Z
wKnWL8-6qWA,"Maine Kaha Zid Chhod | Rickshawala (1973) | Randhir Kapoor, Neetu Singh | Lata Mangeshkar Songs","Watch Superhit Romantic Song Maine Kaha Zid Chhod De starring Randhir Kapoor & Neetu Singh from th 1973 movie Rickshawala sung by  Kishore Kumar & Lata Mangeshkar music given by  R. D. Burman.

Maine Kaha Zid Chhod De | Randhir Kapoor | Neetu Singh Song | Rickshawala (1973) | Lata Kishore Hits

Song - Maine Kaha Zid Chhod De
Movie - Rickshawala (1973)
Actor (s) - Randhir Kapoor, Neetu Singh
Singer (s) - Kishore Kumar, Lata Mangeshkar
Music Director: R. D. Burman
Lyricist - Anand Bakshi

#neetusingh #randhirkapoor #latamangeshkar #kishorekumar #romanticsong #romantichindisongs #romantic #hindisong #hindigane #hindiromanticsong #hindilovesongs #oldisgold #oldsong #oldhindisongs #oldlovesongs #lovesong #bollywoodsongs #bollywoodhindisong #bollywoodoldsongs #evergreenhits #evergreensongs #latamangeshkarsongs #kishorekumarsongs #neetusinghsongs #randhirkapoorsongs 

Song Lyrics:
Maine kaha zid chhod de dupatta mod de beshram
maine kaha zid chhod de dupatta mod de beshram
maine kaha zid chhod de tu dil mod de o sanam
maine kaha zid chhod de tu dil mod de o sanam

badle me dupatte ke chala de anguthi de
badle me dupatte ke chala de anguthi de
koi to nishani honi chahiye
mere dil diwane ko logo ko sunane ko
koi to kahani honi chahiye

aisi waisi baato me do hi mulakato me
aisi waisi baato me do hi mulakato me
mai to badnam ho jaungi
thodi si sharafat se thodi si mohabbat
se teri mai gulam ho jaungi

acha to ye wada kar kal aayegi mere ghar
acha to ye wada kar kal aayegi mere ghar
na aayi to yaari tut jayegi
acha kal to aane de aaj to jane de
warna teri pyari ruth jayegi
maine kaha zid chhod de tu dil mod de beshram
maine kaha zid chhod de tu dil mod de beshram

Pls subscribe to our channel: https://www.youtube.com/channel/UC2Gwx9evWGO--MZpjbZbKBw

Follow us on:
Facebook - https://www.facebook.com/ShemarooFilmiGaane/
Twitter - https://twitter.com/FilmiGaane
Instagram - https://www.instagram.com/shemaroofilmigaane/?hl=en",Shemaroo Romantic Songs,2024-12-12T13:30:36Z
lu5MjHcy6Lg,Ek Baat Dil Mein - Lata & Kishore - ·∂ú·µí·µê·µñ·∂´·µâ·µó·µâ ·¥¥·¥∞ A·µò·µà·∂¶·µí Ôπ† V·∂¶·µà·µâ·µí,·∂ú·µí·µê·µñ·∂´·µâ·µó·µâ ·¥¥·¥∞ A·µò·µà·∂¶·µí Ôπ† V·∂¶·µà·µâ·µí,Haroon Barech,2011-05-20T08:35:48Z
XI2P7HgHK9M,Silli Hawa Chhoo Gai, ,obaid khan,2012-04-16T19:16:51Z
aWJc-cT12Mc,"Jahan Pe Savera Ho Basera - Lata Mangeshkar | Baseraa | Shashi Kapoor, Rakhee - Lyrics indonesia","Presenting JAHAN PE SAVERA HO BASERA WAHIN HAI FULL VIDEO SONG from BASERAA movie starring Shashi Kapoor,Rakhee,Rekha,Poonam Dhillon in lead roles, released in 1981. The song is sung by Lata Mangeshkar and music is given by R.D.Burman, music is available exclusively on Gaane Sune Ansune
 
Song: JAHAN PE SAVERA HO BASERA WAHIN HAI
Singer: LATA MANGESHKAR
Music Director: R.D.BURMAN
Lyricist: GULZAR
 
#ShashiKapoor #ShashiKapoorSongs  #GulzarSongs #RakheeSongs  #RekhaSongs #LataMangeshkarSongs #BaseraaSongs #RDBurmanSongs #HDSongs #GaaneSuneAnsune 
 
---------------------------------------------- 
Gaane sune ansune,old hindi songs,jahan pe savera ho basera wahin hai,lata mangeshkar songs,shashi kapoor songs,80s romantic songs,rakhee songs,rekha songs,basera movie songs,r d burman songs,gulzar songs,shashi kapoor hit songs,lata mangeshkar old songs,lata mangeshkar romantic songs


Jahan Pe Savera Ho Basera Wahin Hai | Lata Mangeshkar | Baseraa 1981 Songs | Shashi Kapoor, Rakhee

Jahan Pe Savera
Dimana Ada Pagi


Kabhi pas baitho kisi phul ke pas
Cobalah untuk duduk di dekat bunga kapan-kapan

Sau jag mehakta hai bahut kuchh ye kahta hai
Saat mekar, ia berkata begitu banyak

O kabhi gunguna ke kabhi muskura ke
Terkadang sambil bersenandung, terkadang sambil tersenyum

Kabhi gunguna ke kabhi muskura ke
Terkadang sambil bersenandung, terkadang sambil tersenyum


Kabhi chupke chupke kabhi khil khila ke
Terkadang secara implisit, terkadang secara eksplisit

Jahanpe sawera ho basera wahin hai
Dimana ada pagi, disitu ada tempat berteduhku

Jahanpe sawera ho basera wahin hai
Dimana ada pagi, disitu ada tempat berteduhku

Jahanpe sawera ho basera wahin hai
Dimana ada pagi, disitu ada tempat berteduhku
 
O sabhi chhote chhote shabnam ke katre
Semua tetesan kecil embun itu

Sabhi chhote chhote shabnam ke katre
Semua tetesan kecil embun itu

Dekhe to honge subho sawere
Anda pasti melihatnya di pagi hari

Ye nanhi si aankhe jagi hai pal bhar
Mata mungil ini telah terjaga selama (beberapa) malam

Bahut kuchh hai dil mein bas itna hai lab par
Begitu banyak, di dalam hati ini; tapi hanya sebatas ini di lidah

Jahanpe sawera ho basera wahin hai
Dimana ada pagi, disitu ada tempat berteduhku

Jahanpe sawera ho basera wahin hai
Dimana ada pagi, disitu ada tempat berteduhku
 
Na mitti na ghara na sona sajana
Bukan pasir atau api, atau emas apa pun

Na mitti na ghara na sona sajana
Bukan pasir atau api, atau emas apa pun

Jahan pyar dekho wahi ghar banana
Di mana Anda melihat cinta, temukan tempat berteduh di sana

Ye dil ki imarat banti hai dil se
Bangunan cinta ini terdiri dari hati

Dilasho ko chhuke ummido se milke
Setelah melalui begitu banyak penghiburan dan harapan

Jahanpe sawera
Dimana ada pagi

Jahanpe sawera ho basera wahin hai
Dimana ada pagi, disitu ada tempat berteduhku

Jahanpe sawera ho basera wahin hai
Dimana ada pagi, disitu ada tempat berteduhku

Jahanpe sawera ho basera wahin hai
Dimana ada pagi, disitu ada tempat berteduhku",BOLLYWOOD SONGS,2021-08-11T16:47:25Z
UUHuIsaNTpM,Kitne Sapne Kitne Armaan | Mere Jeevan Saathi | Hindi Film Song | Kishore Kumar,"Mere Jeevan Saathi is a 1972 Bollywood romantic comedy, directed by Ravikant Nagaich, and it stars Rajesh Khanna, Tanuja, Sujit Kumar, Bindu, Helen, Utpal Dutt and Rajindranath. The movie was made at the height of Rajesh Khanna's popularity wave and is known for its flamboyant music,dialogue and dress. The combination of R.D. Burman's music and Kishore Kumar's songs sung for Rajesh Khanna contributed to the film's success.Jerry Pinto says of the film that ""Helen's cinematic seniority to the hero, Rajesh Khanna, added an edge to her pursuit of him."" David J. Weiner 
described Mere Jeevan Saathi as ""a bizarre, unclassifiable Indian film with music, fantasy, special effects, violence, and flamboyant mise- en-scene.""


Film :: Mere Jeevan Saathi
Song :: Kitne Sapne Kitne Arman
Singer :: Kishore Kumar
Music Director :: R.D. Burman
Lyricist :: Majrooh Sultanpuri
Mood :: Happy,Love,Affection,Liking
Theme :: Romantic
Featuring Starcast :: Rajesh Khanna, Tanuja

Label : SaReGaMa India Limited
Year : 1972

For More Latest Videos log on & subscribe to our channel
http://www.youtube.com/saregamaindia

For more updates Follow us on Facebook:
http://www.facebook.com/Saregama

Follow us on Twitter:
http://twitter.com/Saregamaindia
Follow us on Twitter:
http://twitter.com/Saregamaindia",Saregama Karaoke,2013-12-02T13:57:04Z
uj5OLjty0l4,Jab Chaha Yaara Tumne - Kishore Kumar - Zabardast 1985,"Artists - Sunny Deol, Rajiv Kapoor, Jaya Prada, Rati Agnihotri",Vijay Pal Singh Rathee,2021-01-25T14:54:32Z
30rLo4X4aI0,"Pyar Jab Na Diya Zindagi Ne Kabhi l Kishore Kumar, Sitamgar (1985)","Song: Pyar Jab Na Diya Zindagi Ne Kabhi
Movie/album: Sitamgar
Singers: Kishore Kumar
Song Lyricists: Majrooh Sultanpuri
Music Composer: Rahul Dev Burman
Music Director: Rahul Dev Burman
Starring: Dharmendra, Rishi Kapoor, Parveen Babi, Poonam Dhillon
Release on: 21st June, 1985",The Memory of Kishore Kumar ,2024-06-10T07:39:44Z
kT3rzroZSlw,PHIRTE HAI KABSE DARBADAR - KISHORE KUMAR - OLD MELODIES HINDI,"SONG - PHIRTE HAI KABSE DARBADAR
SINGER - KISHORE KUMAR
MOVIE - DUNIYA
MUSIC - R.D.BURMAN",Sujay Ghosh,2018-05-19T16:43:47Z
6GSUGstpEwY,Thokar Mein Hai Meri Sara Zamana 4K | Kishore Kumar | Rajesh Khanna | Shehzada Songs,"You just can't miss the magic created in the Superhit Hindi song Thokar Me Hai Meri Sara Zamana - ‡§†‡•ã‡§ï‡§∞ ‡§Æ‡•á‡§Ç ‡§π‡•à ‡§Æ‡•á‡§∞‡•Ä ‡§∏‡§æ‡§∞‡§æ ‡§ú‡§Æ‡§æ‡§®‡§æ highly romantic Song from the movie Shehzada 1972 sung by #kishorekumar   

Song: Thokar Mein Hai Meri Sara Zamana 
Singer: Kishore Kumar 
Music: R. D Burman
Film: Shehzada 1972

üî∏Click & Play Amazing Songs from SuperHit Gaana Playlist :

‚ñ∫ Kishore Kumar 4K Songs Click Below Link :
     https://youtube.com/playlist?list=PLUOEf-vLOCSnJifCNGbkQMQz6Hp7rkoW1

‚ñ∫ Lata Mangeshkar 4K Songs Click Below Link :
     https://youtube.com/playlist?list=PLUOEf-vLOCSkQ_KAyU3zGHs0ukxpt28bO

‚ñ∫Classic Songs Click Below Link :
    https://bit.ly/3By9p8B 

‚ñ∫Rajesh Khanna Superhit Classic Songs Click Below Link :
    https://youtube.com/playlist?list=PLUOEf-vLOCSnTfBZ2RjRiJtFx_kPaysU9

üî∏Lyrics of Thokar Mein Hai Meri Sara Zamana - 

thokar me hai meri sara zamana
baharo se puchho meri kahani
nazaro se puchho mera fasana
nazaro se puchho mera fasana, fasana
thokar me hai meri sara zamana
baharo se puchho meri kahani
nazaro se puchho mera fasana
nazaro se puchho mera fasana, fasana
thokar me hai meri sara zamana
thokar me hai meri sara zamana

humne duniya me aake bas do hi to kam kiye
humne duniya me aake bas do hi to kam kiye
yaar se to yari nibhayi badle dushman se khoob liye
seekha hai humne jalke jalana
seekha hai humne jalke jalana, jalana
thokar me hai meri sara zamana
baharo se puchho meri kahani
nazaro se puchho mera fasana
nazaro se puchho mera fasana, fasana
thokar me hai meri sara zamana
thokar me hai meri sara zamana

sabki sun li lekin kiya wahi jo man me aaya
sabki sun li lekin kiya wahi jo man me aaya
phoolon se bachkar nikle aur kanton ko gale lagaya
isiliye duniya ne shehjada mana
isiliye duniya ne shehjada mana
thokar me hai meri sara zamana
baharo se puchho meri kahani
nazaro se puchho mera fasana
nazaro se puchho mera fasana, fasana
thokar me hai meri sara zamana
thokar me hai meri sara zamana

#kishorekumar #superhitgaane #latamangeshkar #bollywood4ksongs #4ksongs #AnandBakshi #rajeshkhanna #RDBurman #gaanenayepurane  #BollywoodSongs #LatestSongs #HindiSongs #RomanticSongs #70sHindiSongs  #rdburmansong #deewar #amitabhbachchan #shashikapoor #neetusinghsongs #rajendrakumarsongs #kishorekumar #kishorekumarsongs #kishoreda #kishore #kishorekumarsong #latamangeshkar #latam #latamangeshkarsongs #latam #latarafi #lata_mangeshkar",SuperHit Gaane,2023-09-11T09:30:01Z
W29sLG5YEEU,Gumsum Kyun Hai Sanam - Asha Bhosle | Bhala Manas (1979) | Randhir Kapoor | Neetu Singh,"Song: Gumsum Kyu Hai Sanam
Movie: Bhala Manas (1976)
Singer: Asha Bhosle
Music By: R D Burman
Lyricist: Gulshan Bawra
--------
ùêíùêîùêÅùêíùêÇùêëùêàùêÅùêÑ : NH Studioz üëâ https://www.youtube.com/c/nhstudioztv  
----
The Highest Watched Songs:
1. https://youtu.be/kVmn5whuGYo
2. https://youtu.be/-YdrOJnekSM
3. https://youtu.be/RXKodbEgRyc
4. https://youtu.be/ZmreKpW96So
5. https://youtu.be/2-LlP9Z00e0
----
Alka Yagnik Superhit Songs: https://www.youtube.com/playlist?list=PLUh8_RKqtM8UbdeGCA4CiAxVYnhByaJbn
Kumar Sanu Romantic Song Collection: https://www.youtube.com/playlist?list=PLUh8_RKqtM8UwIvjEuSSCU7cGAZJE0m_c
Udit Narayan Songs: https://www.youtube.com/playlist?list=PLUh8_RKqtM8Wbg0r7qZsBxpJpoGPXIRDr
------------
NH Hindi Songs üëâ https://www.youtube.com/@nhhindisongs
NH Bollywood Songs üëâhttps://www.youtube.com/@nhbollywoodsongs
-------
NH Moviesüëâ  https://www.youtube.com/@nhmovies
NH Comedy Duniya üëâhttps://www.youtube.com/@nhcomedyduniya
NH Marathi üëâ https://www.youtube.com/@NHMarathi
NH Tamil üëâ https://www.youtube.com/@nhtamil
-------
Facebook üëâ https://www.facebook.com/nhstudioz.tv
Instagram üëâ https://www.instagram.com/nh_studioz
Twitter üëâ https://twitter.com/nh_studioz
-------
#randhirkapoor #neetusingh #ashabhosle #rdburman #hindisongs #oldhindisongs #evergreenhits #classichits #bollywood #bollywoodsongs #nhmusic",NH Music Shorts,2024-12-13T09:45:02Z
CuX6iBnHCog,"‡§ú‡§æ‡§® ‡§™‡§π‡§ö‡§æ‡§® ‡§§‡•ã ‡§™‡§π‡§≤‡•á ‡§∏‡•á ‡§•‡•Ä | Bhala Manus (1979) | Asha Bhosle, Kishore Kumar | Hindi Songs","Song : Jaan Pehchaan To Pahle Se Thi
Movie : Bhala Manus (1979)
Singer : Asha Bhosle, Kishore Kumar
Music: R D Burman
Lyricist: Gulshan Bawra
---------
ùêíùêîùêÅùêíùêÇùêëùêàùêÅùêÑ : NH Studioz üëâ https://www.youtube.com/c/nhstudioztv  
----
The Highest Watched Songs:
1. https://youtu.be/kVmn5whuGYo
2. https://youtu.be/-YdrOJnekSM
3. https://youtu.be/RXKodbEgRyc
4. https://youtu.be/ZmreKpW96So
5. https://youtu.be/2-LlP9Z00e0
----
Alka Yagnik Superhit Songs: https://www.youtube.com/playlist?list=PLUh8_RKqtM8UbdeGCA4CiAxVYnhByaJbn
Kumar Sanu Romantic Song Collection: https://www.youtube.com/playlist?list=PLUh8_RKqtM8UwIvjEuSSCU7cGAZJE0m_c
Udit Narayan Songs: https://www.youtube.com/playlist?list=PLUh8_RKqtM8Wbg0r7qZsBxpJpoGPXIRDr
------------
NH Hindi Songs üëâ https://www.youtube.com/@nhhindisongs
NH Bollywood Songs üëâhttps://www.youtube.com/@nhbollywoodsongs
-------
NH Moviesüëâ  https://www.youtube.com/@nhmovies
NH Comedy Duniya üëâhttps://www.youtube.com/@nhcomedyduniya
NH Marathi üëâ https://www.youtube.com/@NHMarathi
NH Tamil üëâ https://www.youtube.com/@nhtamil
-------
Facebook üëâ https://www.facebook.com/nhstudioz.tv
Instagram üëâ https://www.instagram.com/nh_studioz
Twitter üëâ https://twitter.com/nh_studioz
-------
#randhirkapoor #neetusingh #ashabhosle #kishorekumar #rdburmanhits #hindisongs #oldhindisongs #bollywoodclassic #bollywoodsongs #hindigane #romanticsong #nhmusic",NH Music Shorts,2024-12-16T09:57:00Z
4yUauK-So28,"Yeh Zindagi Kuch Bhi Sahi | üéß320kbps HQ audio | R.D. Burman | Romance | Kumar Gaurav, Poonam Dhillon","Movie : Romance(1983)
Singer : R. D. BURMAN
Music Director : R. D. BURMAN
Cast : Kumar Gaurav, Poonam Dhillon, Shammi Kapoor

320 kbps songs in high quality .
All copyright claim goes to original sources.
Thank you.
DISCLAIMER: This Following Audio/Video is Strictly meant for Promotional Purpose. We Do Not Wish to make any Commercial Use of this & Intended to Showcase the Creativity Of the Artist Involved.*

The original Copyright(s) is (are) Solely owned by the Companies/Original-Artist(s)/Record-label(s).All the contents are intended to Showcase the creativity of the artists involved and are strictly done for promotional purpose.

*DISCLAIMER: As per 3rd Section of Fair use guidelines Borrowing small bits of material from an original work is more likely to be considered fair use. Copyright Disclaimer Under Section 107 of the Copyright Act 1976, allowance is made for fair use.

üéß Use headphone for best experience Subscribe Now for more videos
please Like, Share, Comment and Subscribe!!!

#soulofsound #hqaudio #320kbpssongs #hqsounds #320kbps #4k #4kanimation #4kvideo #darusong #jhankarbeats #jhankarbeatssongs #rainsongs #lovesongs #lovehitsong #couplesong #longdrivesong #longdrive #romantichits #romanticsong #alonesongs #alonesadsong #90severgreen #90shindisongs #90sromanticsongs #90s_evergreen #90shithindisongs #90shits #90shindisongs #ishtarmusic #enjoysong #sadromanticsongs #loveromanticsong #hindiromanticsong #trending #lovecouplevideo #2000ssong #2000s #2000sthrowbacks #bollywoodsongs #bollywood #alkayagnik #uditnarayan #romanticsong  #evergreensong  #topsong  #latesthindisong #darusong #nightsong #hotsong #kumarsanu #sonunigam #abhijeet_bhattacharya_songs #rdburmansongs #rdburman #rdburmansong #rdburmanhits #rdburmanmusic #rdburmanhitsongs #romancemovie #romance #romancesong #yehzindagi #yezindagi #yehzindagikuchbhisahi #kumargaurav #poonamdhillon",Soul of Sound,2023-10-26T06:37:03Z
YQNb89xnKvQ,Tum Bin Jaoon Kahan(Kishore Kumar) Revival Audio,Presenting Tum Bin Jaoon Kahan(Kishore Kumar) in Revival Audio from Movie Pyar Ka Mausam.If you like this video please like share and subscribe and do press bell icon for notification of my videos in future.,Old Vintage N Revival Songs,2021-09-06T16:15:01Z
LblLAQQV6ko,Na Koi Dil Mein Samaya | Kishore Kumar | Aa Gale Lag Jaa 1973 | Shashi Kapoor,"Movie:- Aa Gale Lag Jaa (1973)
Starcast:- Shashi Kapoor, Sharmila Tagore, Shatrughan Sinha, Om Prakash, Sulochana Latkar
Song:- Na Koi Dil Mein Samaya
Singer(s):- Kishore Kumar
Lyricist:- Sahir Ludhianvi
Music Director:- R.D.Burman

#ShashiKapoor #ShashiKapoorSongs #RomanticSadSongs #HDsongs #GaaneSuneAnsune #SharmilaTagoreSongs #KishoreKumarSongs #RDBurmanSongs",Goldmines Gaane Sune Ansune,2016-02-01T03:30:00Z
STOM6NZfcrs,"Is Mod Se Jaate Hain | Kishore Kumar, Lata Mangeshkar | Aandhi 1975 Songs| Sanjeev Kumar","Presenting IS MOD SE JAATE HAIN FULL VIDEO SONG from AANDHI movie starring Suchitra Sen, Sanjeev Kumar, Om Shivpuri in lead roles, released in 1975. The song is sung by Lata Mangeshkar, Kishore Kumar and music is given by R. D. Burman, music is available exclusively on Gaane Sune Ansune.

Song: IS MOD SE JAATE HAIN
Singer: LATA MANGESHKAR, KISHORE KUMAR
Music Director: R. D. BURMAN
Lyricist: GULZAR

At the 23rd Filmfare Awards held in 1976, the film was nominated in various categories.

Suchitra Sen played the lead role of Aarti Devi after actress Vyjayanthimala refused the film as she had reservations about enacting the role.

‚ñ∫Click to Watch Best Of Gulzar - https://youtu.be/UfxDR7K-fDY

‚ñ∫Click to Best of Kishore Kumar And R.D Burman Evergreen Songs - https://youtu.be/nMnxwqRDwL4

_______________________________________

Enjoy and stay connected with us!!

Log on to Youtube and tune in to Gaane Sune Ansune to listen your all time favourites, any time, any day.
http://www.youtube.com/gaanesuneansune

Circle us on G+
http://www.google.com/+gaanesuneansune

Like us on Facebook
http://www.facebook.com/GaaneSuneAnsune

Follow us on
http://www.twitter.com/gaanesuneansune

----------------------------------------------

is mod se jaate hain hd,is mod se jaate hain,is mod se jaate hain kuchh sust kadam,aandhi songs,aandhi 1975 songs,suchitra sen songs,sanjeev kumar songs,lata mangeshkar songs,kishore kumar hit songs,lata mangeshkar hits songs gulzar songs,rd burman hit songs,gaanesuneansune,gaane sune ansune,is mod se jaate hain instrumental,kishore kumar lata mangeshkar hit songs",Goldmines Gaane Sune Ansune,2015-10-14T02:30:00Z
XxbBN4AtFio,AAJA AAJA MERI JAAN 4k UHD,"This is first ever video of the song "" AAJA MARI JAAN. This Gem was recorded for the movie AAJA MARI JAAN but was never used in the movie.
Enjoy this song in 4K UHD video",People Places and Lives by Sandeep Patil,2020-07-02T18:32:05Z
WJyM13QI64E,Shikwa Koi Tumse Na Hai...Remastered audio,Hd 1080p#videosongs #song #remastered #bollywood #bollywoodsongs #hqsounds #rdburman #hindisong #ashabhosle,"Hd Filmi Gaane, Remastered Audio",2025-01-12T08:34:54Z
lplaAZBWiqY,Bade Achhe Lagte Hain 4K Video | Amit Kumar | Sachin Pilgaonkar | Balika Badhu 1976,"Enjoy watching the soulful 'Bade Achchhe Lagate Hai Ye Dharati - ‡§¨‡•ú‡•á ‡§Ö‡§ö‡•ç‡§õ‡•á ‡§≤‡§ó‡§§‡•á ‡§π‡•à‡§Ç ‡§Ø‡•á ‡§ß‡§∞‡§§‡•Ä' from the movie 'Balika Badhu' (1976) the Song is sung by #amitkumar and Composed by #rdburman 

üî∏Stay updated with latest videos from SuperHit Gaane ‚úîÔ∏è
     SUBSCRIBE NOW : https://bit.ly/3iZ0vcT

üéµ Song Credits ‚úîÔ∏è
      Movie/album : Balika Badhu (1976)
      Song : Bade Achhe Lagte Hain
      Singer : Amit Kumar
      Lyricist : Anand Bakshi
      Music Director/Composer : R. D Burman
      Starring : Sachin, Rajni Sharma, Asrani, A. K. Hangal

üî∏Click & Play Amazing Songs from SuperHit Gaana Playlist :
     
‚ñ∫ Balika Badhu (1976 film) 4K Song :
     https://www.youtube.com/playlist?list=PLUOEf-vLOCSnjAg9QkqEU5W58Apu60MDm

‚ñ∫ [4K] 70's Classic Hit Songs Click Below Link :
     https://www.youtube.com/playlist?list=PLUOEf-vLOCSnu0phWV7o3E5UHwepSm_Y2

‚ñ∫ Hindi 4K Songs Click Below Link :
     https://www.youtube.com/playlist?list=PLUOEf-vLOCSnH2HZeawh2VG9uzALMTUAv

‚ñ∫ R. D. Burman Best Classic Songs Click Below Link :
     https://www.youtube.com/playlist?list=PLUOEf-vLOCSnhlfnTNoOaru4C81wWhBqf

‚ñ∫ Old Bollywood Songs in 4K Click Below Link :
     https://youtube.com/playlist?list=PLUOEf-vLOCSlgH8SI5Gux3fHIjx31LqC

‚ñ∫ Hindi Classic Songs 4K Click Below Link :
    https://youtube.com/playlist?list=PLUOEf-vLOCSmyO3BwOyd3oHslbrPYCEMf

üî∏ Lyrics of Bade Achhe Lagte Hain : 

bade achchhe lagate hai ye dharati ye nadiyaa ye rainaa
aur? aur tum aur? aur tum
o maajhi re ja_iyo piyaa ke des

ham tum kitane paas hai kitane dur hai chaand sitaare
sach puchho to man ko jhuthe lagate hai ye saare
ham tum kitane paas hai kitane dur hai chaand sitaare
sach puchho to man ko jhuthe lagate hai ye saare
magar sachche lagate hai ye dharati ye nadiyaa ye rainaa
aur tum
bade achchhe lagate hai ye dharati ye nadiyaa ye rainaa

tum in sabako chhod ake kaise kal subah jaaogi
mere saath inhe bhi to tum yaad bahut aaogi
tum in sabako chhod ake kaise kal subah jaaogi
mere saath inhe bhi to tum yaad bahut aaogi
bade achchhe lagate hai ye dharati ye nadiyaa ye rainaa

#superhitgaane #HindiSongs #mohammedrafi #HDSongs #BollywoodSongs #balikavadhu #80shitsong #Oldies #OldSongs #RomanticSongs #4ksongs #bollywood4ksongs #bollywooddancesongs #60sHit #bollywoodclassicsongs  #70sHindiSongs #70sHits #balikabadhu #rdburman",SuperHit Gaane,2024-04-06T14:00:39Z
g7QUMWO4fNA,Kaho Kahan Chale Jahan Tum Le Chalo üíñ Romantic Duet | Kishore & Asha | Bulundi 1981 | 4K Duet Songs,"Witness the perfect union of Kishore Kumar and Asha Bhosle as they collaborate to create a symphony of emotions in the unforgettable movie Bulundi (1981), starring Danny Denzongpa, Kim

""Kaho Kahan Chale, Jahan Tum Le Chalo"" is a soulful song from Bulundi (1981), featuring Danny Denzongpa and Kim. A melodious journey of love!

‚úîÔ∏èStay Updated with the latest videos from Duet Hindi Songs, Subscribe on the below link.
www.youtube.com/@HindiDuetSongs

üéµ Song Credits ‚úîÔ∏è

Title: Kaho Kahan Chale, Jahan Tum Le Chalo
Movie: Bulundi
Year of Release: 1981
Singers:  Kishore Kumar, Asha Bhosle
Genre: Romantic Songs
Music Director: R. D. Burman
Lyricist: Majrooh Sultanpuri
Actors in Song: Danny Denzongpa, Kim
Director of the Film: Esmayeel Shroff

‡§ï‡§ø‡§∂‡•ã‡§∞ ‡§ï‡•Å‡§Æ‡§æ‡§∞ ‡§î‡§∞ ‡§Ü‡§∂‡§æ ‡§≠‡•ã‡§∏‡§≤‡•á ‡§ï‡•Ä ‡§∂‡§æ‡§®‡§¶‡§æ‡§∞ ‡§ú‡•Å‡§ó‡§≤‡§¨‡§Ç‡§¶‡•Ä ‡§¶‡•á‡§ñ‡•á‡§Ç, ‡§ú‡•ã Bulundi (1981) ‡§Æ‡•á‡§Ç ‡§≠‡§æ‡§µ‡§®‡§æ‡§ì‡§Ç ‡§ï‡•Ä ‡§∏‡§ø‡§Æ‡•ç‡§´‡§®‡•Ä ‡§∞‡§ö‡§§‡•á ‡§π‡•à‡§Ç‡•§

""‡§ï‡§π‡•ã ‡§ï‡§π‡§æ‡§Ç ‡§ö‡§≤‡•á, ‡§ú‡§π‡§æ‡§Ç ‡§§‡•Å‡§Æ ‡§≤‡•á ‡§ö‡§≤‡•ã"" Bulundi (1981) ‡§ï‡§æ ‡§è‡§ï ‡§Æ‡§ß‡•Å‡§∞ ‡§ó‡•Ä‡§§ ‡§π‡•à, ‡§ú‡§ø‡§∏‡§Æ‡•á‡§Ç ‡§°‡•à‡§®‡•Ä ‡§°‡•á‡§®‡•ç‡§ú‡•ã‡§Ç‡§ó‡§™‡§æ ‡§î‡§∞ ‡§ï‡§ø‡§Æ ‡§®‡§ú‡§∞ ‡§Ü‡§§‡•á ‡§π‡•à‡§Ç‡•§ ‡§™‡•ç‡§Ø‡§æ‡§∞ ‡§≠‡§∞‡•Ä ‡§è‡§ï ‡§ñ‡•Ç‡§¨‡§∏‡•Ç‡§∞‡§§ ‡§∏‡§Ç‡§ó‡•Ä‡§§ ‡§Ø‡§æ‡§§‡•ç‡§∞‡§æ!

üéµ ‡§ó‡§æ‡§®‡•á ‡§ï‡•Ä ‡§ú‡§æ‡§®‡§ï‡§æ‡§∞‡•Ä ‚úîÔ∏è

‡§∂‡•Ä‡§∞‡•ç‡§∑‡§ï: ‡§ï‡§π‡•ã ‡§ï‡§π‡§æ‡§Ç ‡§ö‡§≤‡•á, ‡§ú‡§π‡§æ‡§Ç ‡§§‡•Å‡§Æ ‡§≤‡•á ‡§ö‡§≤‡•ã
‡§´‡§ø‡§≤‡•ç‡§Æ: ‡§¨‡•Å‡§≤‡•Å‡§Ç‡§¶‡•Ä
‡§∞‡§ø‡§≤‡•Ä‡§ú ‡§µ‡§∞‡•ç‡§∑: 1981
‡§ó‡§æ‡§Ø‡§ï: ‡§ï‡§ø‡§∂‡•ã‡§∞ ‡§ï‡•Å‡§Æ‡§æ‡§∞, ‡§Ü‡§∂‡§æ ‡§≠‡•ã‡§∏‡§≤‡•á
‡§∂‡•ç‡§∞‡•á‡§£‡•Ä: ‡§∞‡•ã‡§Æ‡§æ‡§Ç‡§ü‡§ø‡§ï ‡§ó‡§æ‡§®‡•á
‡§∏‡§Ç‡§ó‡•Ä‡§§‡§ï‡§æ‡§∞: ‡§Ü‡§∞. ‡§°‡•Ä. ‡§¨‡§∞‡•ç‡§Æ‡§®
‡§ó‡•Ä‡§§‡§ï‡§æ‡§∞: ‡§Æ‡§ú‡§∞‡•Ç‡§π ‡§∏‡•Å‡§≤‡•ç‡§§‡§æ‡§®‡§™‡•Å‡§∞‡•Ä
‡§ó‡§æ‡§®‡•á ‡§Æ‡•á‡§Ç ‡§ï‡§≤‡§æ‡§ï‡§æ‡§∞: ‡§°‡•à‡§®‡•Ä ‡§°‡•á‡§®‡•ç‡§ú‡•ã‡§Ç‡§ó‡§™‡§æ, ‡§ï‡§ø‡§Æ
‡§´‡§ø‡§≤‡•ç‡§Æ ‡§®‡§ø‡§∞‡•ç‡§¶‡•á‡§∂‡§ï: ‡§á‡§∏‡•ç‡§Æ‡§æ‡§á‡§≤ ‡§∂‡•ç‡§∞‡•â‡§´

#KishoreKumar #AshaBhosle #Bulundi1981 #KahoKahanChale #RDburmanHits #MajroohSultanpuri #DannyDenzongpa #Kim #DuetHindiSongs #RomanticHindiSongs #ClassicBollywood #OldHindiSongs #EvergreenSongs #BollywoodMelodies #RetroHits #indiansinger #oldhindilovesong #songs #hindisong 

üéµ English Lyrics :

kaho kaha chale, jaha tum le chalo
kaho kaha chale, jaha tum le chalo
phir bhi manjil kaha, jaha humse milo
kaho kaha chale, jaha tum le chalo
phir bhi manjil kaha, jaha humse milo
kaho kaha chale, jaha tum le chalo

pyar ka safar to diwana
khabar nahi kaha liye jaye mastana
kaha liye jaye mastana
pyar ka safar to diwana
khabar nahi kaha liye jaye mastana
kaha liye jaye mastana
mod aaye jaha waha milke chalo
phir bhi manjil kaha, jaha humse milo
kaho kaha chale, jaha tum le chalo

kash ghata jara barse hu hu hu
lipate rahe sajan se ji bharke
sajan se ji bharke
kash ghata jara barse he he he
lipate rahe sajan se ji bharke
sajan se ji bharke
rang uthe sama aaj aise milo
mod aaye jaha waha milke chalo
phir bhi manjil kaha, jaha humse milo
kaho kaha chale, jaha tum le chalo

barkha ki dekho rang raliya la la la
bunde nahi, tumpe luta rahi kaliya
tumpe luta rahi kaliya
dil to kahe jane ja ruk ja yahi
aage kahi nahi jana
aage kahi nahi jana
yahi dil me baso, yahi dil me khilo
phir bhi manjil kaha, jaha humse milo
kaho kaha chale, jaha tum le chalo
phir bhi manjil kaha, jaha humse milo
kaho kaha chale, jaha tum le chalo
kaho kaha chale, jaha tum le chalo
kaho kaha chale, jaha tum le chalo

üéµ Hindi Lyrics : 

‡§ï‡§π‡•ã ‡§ï‡§π‡§æ‡§Ç ‡§ö‡§≤‡•á, ‡§ú‡§π‡§æ‡§Ç ‡§§‡•Å‡§Æ ‡§≤‡•á ‡§ö‡§≤‡•ã

‡§ï‡§π‡•ã, ‡§ï‡§π‡§æ‡§Ç ‡§ú‡§æ ‡§∞‡§π‡•á ‡§π‡•ã? ‡§ú‡§π‡§æ‡§Ç ‡§§‡•Å‡§Æ ‡§≤‡•á ‡§ú‡§æ‡§ì, ‡§Æ‡•à‡§Ç ‡§ö‡§≤‡•Ç‡§Ç‡§ó‡§æ‡•§
‡§≤‡•á‡§ï‡§ø‡§® ‡§Æ‡§Ç‡§ú‡§º‡§ø‡§≤ ‡§Ö‡§¨ ‡§≠‡•Ä ‡§ï‡§π‡§æ‡§Ç ‡§π‡•à? ‡§ú‡§π‡§æ‡§Ç ‡§§‡•Å‡§Æ ‡§Æ‡•Å‡§ù‡§∏‡•á ‡§Æ‡§ø‡§≤‡•ã‡•§

‡§™‡•ç‡§Ø‡§æ‡§∞ ‡§ï‡•Ä ‡§∞‡§æ‡§π‡•á‡§Ç ‡§Ö‡§®‡§ú‡§æ‡§®‡•Ä ‡§π‡•à‡§Ç,
‡§® ‡§ú‡§æ‡§®‡•á ‡§Ø‡•á ‡§¶‡•Ä‡§µ‡§æ‡§®‡§æ ‡§∏‡§´‡§∞ ‡§ï‡§π‡§æ‡§Ç ‡§≤‡•á ‡§ú‡§æ‡§è‡•§
‡§∞‡§æ‡§∏‡•ç‡§§‡§æ ‡§ï‡•ã‡§à ‡§≠‡•Ä ‡§π‡•ã, ‡§∏‡§æ‡§• ‡§Æ‡§ø‡§≤‡§ï‡§∞ ‡§ö‡§≤‡•ã,
‡§´‡§ø‡§∞ ‡§≠‡•Ä ‡§Æ‡§Ç‡§ú‡§º‡§ø‡§≤ ‡§µ‡§π‡•Ä‡§Ç ‡§Æ‡§ø‡§≤‡•á‡§ó‡•Ä, ‡§ú‡§π‡§æ‡§Ç ‡§§‡•Å‡§Æ‡§∏‡•á ‡§Æ‡•Å‡§≤‡§æ‡§ï‡§æ‡§§ ‡§π‡•ã‡•§

‡§ï‡§æ‡§∂ ‡§¨‡§æ‡§¶‡§≤ ‡§•‡•ã‡§°‡§º‡§æ ‡§¨‡§∞‡§∏ ‡§ú‡§æ‡§è,
‡§î‡§∞ ‡§Æ‡•à‡§Ç ‡§Ö‡§™‡§®‡•á ‡§™‡•ç‡§∞‡§ø‡§Ø ‡§∏‡•á ‡§ú‡•Ä ‡§≠‡§∞‡§ï‡§∞ ‡§≤‡§ø‡§™‡§ü ‡§ú‡§æ‡§ä‡§Ç‡•§
‡§Ü‡§ú ‡§Æ‡•å‡§∏‡§Æ ‡§Æ‡•á‡§Ç ‡§∞‡§Ç‡§ó ‡§ò‡•Å‡§≤ ‡§ú‡§æ‡§è,
‡§ú‡§π‡§æ‡§Ç ‡§≠‡•Ä ‡§Æ‡•ã‡§°‡§º ‡§Ü‡§è, ‡§µ‡§π‡§æ‡§Ç ‡§∏‡§æ‡§• ‡§Æ‡§ø‡§≤‡§ï‡§∞ ‡§ö‡§≤‡•ã‡•§

‡§¨‡§∞‡§∏‡§æ‡§§ ‡§ï‡•á ‡§∞‡§Ç‡§ó‡•Ä‡§® ‡§®‡§ú‡§º‡§æ‡§∞‡•á ‡§¶‡•á‡§ñ‡•ã,
‡§¨‡•Ç‡§Ç‡§¶‡•á‡§Ç ‡§®‡§π‡•Ä‡§Ç, ‡§¨‡§≤‡•ç‡§ï‡§ø ‡§´‡•Ç‡§≤ ‡§§‡•Å‡§Æ ‡§™‡§∞ ‡§¨‡§∞‡§∏‡§æ ‡§∞‡§π‡•á ‡§π‡•à‡§Ç‡•§
‡§¶‡§ø‡§≤ ‡§ï‡§π‡§§‡§æ ‡§π‡•à, ‡§ê ‡§ú‡§æ‡§®‡•á‡§Æ‡§®, ‡§Ø‡§π‡•Ä‡§Ç ‡§∞‡•Å‡§ï ‡§ú‡§æ‡§ì,
‡§ï‡§π‡•Ä‡§Ç ‡§î‡§∞ ‡§ú‡§æ‡§®‡•á ‡§ï‡•Ä ‡§ú‡§∞‡•Ç‡§∞‡§§ ‡§®‡§π‡•Ä‡§Ç‡•§
‡§¨‡§∏ ‡§Æ‡•á‡§∞‡•á ‡§¶‡§ø‡§≤ ‡§Æ‡•á‡§Ç ‡§∞‡§π‡•ã, ‡§Ø‡§π‡•Ä‡§Ç ‡§ñ‡§ø‡§≤‡•ã,
‡§´‡§ø‡§∞ ‡§≠‡•Ä ‡§Æ‡§Ç‡§ú‡§º‡§ø‡§≤ ‡§µ‡§π‡•Ä‡§Ç ‡§Æ‡§ø‡§≤‡•á‡§ó‡•Ä, ‡§ú‡§π‡§æ‡§Ç ‡§§‡•Å‡§Æ‡§∏‡•á ‡§Æ‡•Å‡§≤‡§æ‡§ï‡§æ‡§§ ‡§π‡•ã‡•§

‡§ï‡§π‡•ã, ‡§ï‡§π‡§æ‡§Ç ‡§ú‡§æ ‡§∞‡§π‡•á ‡§π‡•ã? ‡§ú‡§π‡§æ‡§Ç ‡§§‡•Å‡§Æ ‡§≤‡•á ‡§ú‡§æ‡§ì, ‡§Æ‡•à‡§Ç ‡§ö‡§≤‡•Ç‡§Ç‡§ó‡§æ‡•§

About movie Bulundi (1981) :-

Bulundi is a 1981 Hindi-language crime, thriller and drama film starring Raaj Kumar, Asha Parekh, Danny Denzongpa, Kim in pivotal roles. It was directed by Esmayeel Shroff and its music was composed by R. D. Burman. The film was declared a hit upon release by Box office India. It was remade in Tamil as Nermai.",Duet Hindi Songs,2025-02-20T11:30:22Z
SNKJ1kWP7nU,Jeena To Hai Par Ae Dil Kahan  - Magic of Pancham,"A rare song that sould have been among the top most numbers of Pancham & Kishore Kumar - but is not..
Read about it at www.magicofpancham.blogspot.com",Ashish Mantri (Urban Yayawar),2015-02-03T16:23:24Z
5XjqrXpmLOI,Tum Jo Mile To Laga Hai Jaise Mili Zindagi | Drohi (1992) Movie Song | Suresh Wadkar & R.D Burman,"Film: Drohi 1992 - ‡§¶‡•ç‡§∞‡•ã‡§π‡•Ä 
Director: Ram Gopal Varma -  ‡§∞‡§æ‡§Æ ‡§ó‡•ã‡§™‡§æ‡§≤ ‡§µ‡§∞‡•ç‡§Æ‡§æ 
Singer : Suresh Wadkar ( Suresh Ishwar Wadkar ) - ‡§∏‡•Å‡§∞‡•á‡§∂ ‡§µ‡§æ‡§°‡§ï‡§∞ 
Lyricist : Javed Akhtar - ‡§ú‡§æ‡§µ‡•á‡§¶ ‡§Ö‡§ñ‡•ç‡§§‡§∞ 
Ft : Urmila & Nagarjuna - ‡§â‡§∞‡•ç‡§Æ‡§ø‡§≤‡§æ & ‡§®‡§æ‡§ó‡§æ‡§∞‡•ç‡§ú‡•Å‡§® 
Music: - R.D Burman ( Rahul Dev Burman ) - ‡§Ü‡§∞ ‡§°‡•Ä ‡§¨‡§∞‡§Æ‡§® 

‡§§‡•Å‡§Æ ‡§ú‡•ã ‡§Æ‡§ø‡§≤‡•á ‡§§‡•ã ‡§≤‡§ó‡§æ ‡§π‡•à, ‡§ú‡•à‡§∏‡•á ‡§Æ‡§ø‡§≤‡•Ä ‡•õ‡§ø‡§®‡•ç‡§¶‡§ó‡•Ä
‡§ú‡§æ‡§§‡•Ä ‡§ï‡§π‡§æ‡§Å ‡§π‡•à ‡§Ø‡•á ‡§∞‡§æ‡§π‡•á‡§Ç, ‡§ú‡§ø‡§®‡§™‡•á ‡§ö‡§≤‡•Ä ‡•õ‡§ø‡§®‡•ç‡§¶‡§ó‡•Ä
‡§§‡•Å‡§Æ ‡§ú‡•ã ‡§Æ‡§ø‡§≤‡•á ‡§§‡•ã...

‡§á‡§§‡§®‡§æ ‡§Æ‡•Å‡§ù‡§ï‡•ã ‡§ï‡§¨ ‡§•‡§æ ‡§™‡§§‡§æ, ‡§ê‡§∏‡§æ ‡§≠‡•Ä ‡§á‡§ï ‡§ó‡§æ‡§Å‡§µ ‡§π‡•à
‡§∞‡§∏‡•ç‡§§‡§æ ‡§§‡§ï‡§§‡•Ä ‡§Æ‡•á‡§∞‡§æ ‡§ú‡§π‡§æ‡§Ç, ‡§á‡§® ‡§™‡§≤‡§ï‡•ã‡§Ç ‡§ï‡•Ä ‡§õ‡§æ‡§Å‡§µ ‡§π‡•à
‡§π‡•ã ‡§Æ‡•á‡§∞‡•Ä ‡§§‡•ã ‡§•‡•Ä ‡§ß‡•Ç‡§™ ‡§Æ‡•á‡§Ç ‡§π‡•Ä, ‡§Ö‡§¨ ‡§§‡§ï ‡§™‡§≤‡•Ä ‡•õ‡§ø‡§®‡•ç‡§¶‡§ó‡•Ä
‡§§‡•Å‡§Æ ‡§ú‡•ã ‡§Æ‡§ø‡§≤‡•á ‡§§‡•ã...

‡§§‡•Å‡§Æ‡§ï‡•ã ‡§™‡§æ ‡§ï‡•á ‡§ê‡§∏‡§æ ‡§≤‡§ó‡§æ, ‡§ú‡§ø‡§§‡§®‡•á ‡§•‡•á ‡•ö‡§Æ ‡§ñ‡•ã ‡§ó‡§è
‡§∏‡§¶‡§ø‡§Ø‡•ã‡§Ç ‡§∏‡•á ‡§π‡§Æ ‡§™‡§§‡•ç‡§•‡§∞ ‡§ï‡•á ‡§•‡•á, ‡§Ö‡§¨ ‡§Æ‡•ã‡§Æ ‡§ï‡•á ‡§π‡•ã ‡§ó‡§è
‡§ï‡§ø‡§§‡§®‡•á ‡§π‡§∏‡•Ä‡§Ç ‡§∞‡•Ç‡§™ ‡§Æ‡•á‡§Ç ‡§π‡•à, ‡§¶‡•á‡§ñ‡•ã ‡§¢‡§≤‡•Ä ‡•õ‡§ø‡§®‡•ç‡§¶‡§ó‡•Ä
‡§§‡•Å‡§Æ ‡§ú‡•ã ‡§Æ‡§ø‡§≤‡•á ‡§§‡•ã...

‡§ú‡•Ä‡§®‡•á ‡§ï‡•ã ‡§ú‡•Ä‡§§‡•á ‡§•‡•á ‡§Æ‡§ó‡§∞, ‡§á‡§§‡§®‡•Ä ‡•ô‡§¨‡§∞ ‡§•‡•Ä ‡§ï‡§ø‡§∏‡•á
‡§¶‡§ø‡§≤ ‡§Æ‡•á‡§Ç ‡§ê‡§∏‡•Ä ‡§ó‡§≤‡§ø‡§Ø‡§æ‡§Å ‡§≠‡•Ä ‡§π‡•à‡§Ç, ‡§ú‡§ø‡§®‡§Æ‡•á‡§Ç ‡§π‡•à‡§Ç ‡§∏‡§™‡§®‡•á ‡§¨‡§∏‡•á
‡§π‡•ã ‡§∏‡§™‡§®‡•á ‡§Æ‡§ø‡§≤‡•á ‡§§‡•ã ‡§ñ‡§ø‡§≤‡•Ä ‡§π‡•à, ‡§¨‡§® ‡§ï‡•á ‡§ï‡§≤‡•Ä ‡•õ‡§ø‡§®‡•ç‡§¶‡§ó‡•Ä
‡§§‡•Å‡§Æ ‡§ú‡•ã ‡§Æ‡§ø‡§≤‡•á ‡§§‡•ã...

                            
Tum Jo Mile To Laga Hai, Jaise Mili Zindagi
Jaati Kahan Hain Ye Raahen, Jin Pe Chali Zindagi
Tum Jo Mile To....

Itana Mujhako Kab Tha Pata, Aisa Bhi Ik Gaanw Hai
Rasta Takati Mera Jahan, In Palakon Ki Chhaaw Hai
Meri To Thi Dhoop Mein Hi, Ab Tak Pali Zindagi
Tum Jo Mile To....

Tum Ko Pa Ke Aisa Laga, Jitane The Gam Kho Gaye
Sadiyon Se Ham Patthar Ke The, Ab Mom Ke Ho Gaye
Itane Haseen Roop Mein Hai, Dekho Dhali Zindagi
Tum Jo Mile To....

Jeene Ko Jeete The Magar, Itani Khabar Thi Kise
Dil Mein Aisi Galiyaan Bhi Hain, Jin Mein Hain Sapane Base
Sapane Mile To Khili Hai, Ban Ke Kali Zindagi
Tum Jo Mile To....

‚ñ∫ Subscribe to Ultra Bollywood - http://bit.ly/SubscribeUltraBollywood
‚ñ∫ Click To Watch Lata Mangeshkar Hit Songs : - https://bit.ly/LataMangeshkarHitSongs
‚ñ∫ Click To Watch Udit Narayan Hit Songs : - https://bit.ly/UditNarayanHitSongs
‚ñ∫ Click To Watch Kumar Sanu Hit Songs : - https://bit.ly/KumarSanuSongs
‚ñ∫ Click To Watch Alka Yagnik Hit Songs :- https://bit.ly/AlkaYagnikSongs
‚ñ∫ Click To Watch Kishore Kumar Songs : - https://bit.ly/KishoreKumarSong
‚ñ∫ Click To Watch Hindi Comedy Scenes : - https://bit.ly/HindiComedyScenes
‚ñ∫ Click To Watch Best Collections of Salman Khan : - https://bit.ly/SalmanKhanBestCollections
‚ñ∫ Click To Watch Best Aamir Khan Scenes : - https://bit.ly/AamirKhanComedyScenes
‚ñ∫ Click To Watch Evergreen Hindi Songs : -  https://bit.ly/EvergreenHindiSongs
‚ñ∫ Click To Watch Romantic Songs in 4K :- https://bit.ly/4KHindiRomanticSongs
‚ñ∫ Click To Watch Superhit Hindi Songs in 4K - https://bit.ly/4KHindiSongs
‚ñ∫ Website: http://www.ultraindia.com
‚ñ∫ Like us on Facebook: https://www.facebook.com/UltraHindi
‚ñ∫ Follow us on Twitter: https://twitter.com/UltraHindi
‚ñ∫ Circle us on G+: https://plus.google.com/+UltraHindi
‚ñ∫ Follow us on Pinterest: http://www.pinterest.com/ultrahindi/",Ultra Bollywood,2025-02-05T03:30:05Z
nhQuJuAyVlo,"Badal Jo Barse To Bheege Hum | Asha Bhosle | Gardish 1993 Songs | Dimple Kapadia, Jackie Shroff","Movie:- Gardish (1993)
Starcast:- Jackie Shroff, Dimple Kapadia, Amrish Puri, Farida Jalal, Asrani, Mukesh Rishi
Song:- Badal Jo Barse To Bheege Hum
Singer(s):- Asha Bhosle
Lyricist:- Javed Akhtar
Music Director:- R. D. Burman

#90sHindiSongs #JackieShroffSongs #DimpleKapadiaSongs #AshaBhosleSongs #JavedAkhtarSongs #RDBurmanSongs #RomanticSongs #HDSongs #GaaneSuneAnsune",Goldmines Gaane Sune Ansune,2015-11-29T02:30:00Z
qU3fSobl6Tg,Kya Nazare Kya Sitare (HD) | Jheel Ke Us Paar (1973) | Mumtaz | Dharmendra | Kishore Kumar Hits,"Movie: Jheel Ke Us Paar (1973)
Song: Kya Nazare
Starcast:  Mumtaz, Dharmendra
Singer: Kishore Kumar
Lyrics: Anand Bakshi
Music Director: R.D.Burman

SUBSCRIBE now to FilmiGaane: https://goo.gl/mx4zPe

To see all the latest music playlists that we've created just for you, click here https://www.youtube.com/user/filmigaane/playlists

Download FilmiGaane App - http://twd.bz/fg

Connect with us on:-
Facebook - http://www.Facebook.com/FilmiGaane
Twitter - http://Twitter.com/FilmiGaane 
Join us on Pinterest - http://pinterest.com/shemaroo
Circle & Follow us on google.com/+filmigaane

Sign up for Free and get daily updates on New Videos, exclusive Web Shows, contests & much more: http://youtube.shemaroo.com/default.aspx

Send us your feedback and suggestions at connect@shemaroo.com""",Shemaroo Filmi Gaane,2019-09-26T05:30:00Z
850bZDi_MD0,"Tum Ho Mere Dil Ki Dhadkan | Manzil (1979) | Amitabh Bachchan, Moushmi Chatterjee | Old Hindi Songs","Stay updated with the latest videos from Shemaroo Filmi Gaane Subscribe on the below link.
https://www.youtube.com/channel/UCP6uH_XlsxrXwZQ4DlqbqPg

Watch the popular romantic song Tum Ho Mere Dil Ki Dhadkan from the 1979 movie Manzil starring  Amitabh Bachchan & Moushmi Chatterjee sung by Kishore Kumar lyrics penned by Gulzar music given by R D Burman.

Tum Ho Mere Dil Ki Dhadkan | Manzil (1979) | Amitabh Bachchan, Moushmi Chatterjee | Old Hindi Songs

Song : Tum Ho Mere Dil Ki Dhadkan
Movie : Manzil (1979)
Starcast : Amitabh Bachchan, Moushmi Chatterjee
Singers : Kishore Kumar
Music Director : R D Burman
Lyricist : Yogesh

#kishorekumar #rdburman #amitabhbachchan #moushumichatterjee #hindisong #hindigane #hindiromanticsong #hindilovesong #lovesong #romanticsong #romantichindisongs #bollywoodsongs #bollywoodlovesongs #bollywoodoldsongs #oldhindisongs #oldlovesongs #oldisgold #oldsong #filmigaane #puranegane #evergreenhits #evergreensongs #kishorekumarsongs #rdburmansongs #amitabhbachchansongs #moushumichatterjeesongs 

Song Lyrics:
Tum ho meri dil ki dhadkan, tum bin lage na man
tum ko hi dhunda karte hain, har pal mere do nayan
tum ho meri dil ki dhadkan, tum bin lage na man
tum ko hi dhunda karte hain, har pal mere do nayan

tum jo nahi to kaisi khushi, mausiyo me vahi hain jindagi
mujhe tum bin har palchhin, dasta hain sunapan
tum ho meri dil ki dhadkan, tum bin lage na mann
tum ko hi dhunda karte hain, har pal mere do nayan

tumhe jo dekha to palko tale lakho diye the dekho jalne lage
mera tanman mera jivan, tumse hi hai magan
tum ho meri dil ki dhadkan, tum bin lage na mann
tum ko hi dhunda karte hain, har pal mere do nayan


Subscribe to India‚Äôs #1 Retro Channel #FilmiGaane: https://goo.gl/mx4zPe 
Hit Lyrical Videos: https://www.youtube.com/watch?v=FKkuP1cHp_o&list=PL4OqLl4qvLkcAUhx51FoJESbbUfYipQUm
Jukebox Special | All Movie Songs: https://www.youtube.com/watch?v=AF5icVkcokg&list=PLYGfVFet56Bh2AXo-pAK_EW-uasc00_pO
The 25 Most-Liked Bollywood Songs: https://www.youtube.com/watch?v=D5CpJFbb3TM&list=PL4OqLl4qvLkcHGQLSixVSZ-wLAAC3kLEm
Romance Rewind‚ù§Ô∏è Bollywood 90s Romantic Duets: https://www.youtube.com/watch?v=Q-0NNaJ4SCc&list=PL4OqLl4qvLkfPy06tU8R3LDJXmmmBN97F
R.D. Burman - The Unforgettable Musical Genius: https://www.youtube.com/watch?v=YcwcXafsVYQ&list=PL4OqLl4qvLkft0JdE6Xa71mZmN_jZeY9n
Lata Mangeshkar - The Nightingle Of India: https://www.youtube.com/watch?v=UlEkpIfkqEk&list=PL4OqLl4qvLkcB8GVN6i-ezl9FPNW3B-Aq

Connect with us on:-
Facebook - https://www.facebook.com/ShemarooFilmiGaane/
Twitter - https://twitter.com/FilmiGaane
Instagram - https://www.instagram.com/shemaroofilmigaane/?hl=en
ShemarooMe : https://shemaroome.onelink.me/ilnR/yt

Join us:
https://www.youtube.com/channel/UC07J2Vs5OYLgLIQVPB2vwhQ
https://www.youtube.com/channel/UCLqTKWVsRjsOy0I4aunMcFQ
https://www.youtube.com/channel/UC-e70J5nW2EopdLvGeR4-eQ
https://www.youtube.com/channel/UCFXM2q9sQwgs10AgVAgI2pQ
https://www.youtube.com/channel/UCO-Z0CRgX71ppIE5fG3h-BA
https://www.youtube.com/channel/UCBB7w9_7jUuiCr69hlcangw
https://www.youtube.com/channel/UCpxeKxLhvpSFBSQ0t_ryXAQ
https://www.youtube.com/channel/UCgsxOsJ2G77JrgvvUwPUBNQ
https://www.youtube.com/channel/UCHxesL9dMAJOcMzO-HFXFyw
https://www.youtube.com/channel/UCNKWDRJ0EOilNMoPQb2mKcw
https://www.youtube.com/channel/UCzFd5zX1jIpeCo-jB_DY8UA
https://www.youtube.com/channel/UCHK99ZuzHzDgIf5BXgDvBdg",Shemaroo Filmi Gaane,2025-01-02T12:30:07Z
T1NtFQHEZhQ,Do Naina Aur Ek Kahani | Masoom Songs | Shabana Azmi | Urmila Matondkar | Jugal Hansraj | Filmigaane,"""Movie: Masoom (1983)
Singer: Aarti Mukherjee
Music Director: R D Burman
Lyricist: Gulzar
Director: Shekhar Kapoor

Do Naina Aur Ek Kahani is a song from the 1983 movie Masoom starring Naseeruddin Shah, Shabana Azmi, Tanuja, Urmila Matondkar and Jugal Hansraj. Enjoy watching this beautiful superhit song. 

From the latest Bollywood songs to the oldest, SUBSCRIBE now to http://www.YouTube.com/FilmiGaane

To see all the latest music playlists that we've created just for you, click here - http://www.youtube.com/user/filmigaane/videos?sort=dd&flow=list&view=1

Connect with us on :-

Facebook - http://www.Facebook.com/FilmiGaane
Twitter - http://Twitter.com/FilmiGaane 
"" .

Download Filmi Gaane App - http://twd.bz/fg
Sign up for Free and get daily updates on New Videos, exclusive Web Shows, contests & much more
http://youtube.shemaroo.com/default.aspx

Send us your feedback and suggestions at : connect@shemaroo.com",Shemaroo Filmi Gaane,2016-07-04T11:23:04Z
wJ1mqmbngO0,Kaanta Laga‚Ä¶ Bangle Ke Peechhe | Samadhi Songs | Asha Parekh | Lata Mangeshkar Hits,"Movie: Samadhi (1972)
Song: Kaanta Laga‚Ä¶ Bangle Ke Peechhe 
Starcast: Asha Parekh
Singer: Lata Mangeshkar
Music Director: R D Burman

SUBSCRIBE now to FilmiGaane: https://goo.gl/mx4zPe

To see all the latest music playlists that we've created just for you, click here https://www.youtube.com/user/filmigaane/playlists

Download FilmiGaane App - http://twd.bz/fg

Connect with us on:-
Facebook - http://www.Facebook.com/FilmiGaane
Twitter - http://Twitter.com/FilmiGaane 


Sign up for Free and get daily updates on New Videos, exclusive Web Shows, contests & much more: http://youtube.shemaroo.com/default.aspx

Send us your feedback and suggestions at connect@shemaroo.com

Download the app now and share it with all the asli fans
https://shemaroome.app.link/fjmW99wk3W

Give a missed call on 18002665151 
www.shemaroome.com
Your one-stop destination for authentic Indian content now with the biggest cashback offer! Get upto 100% Paytm cashback on purchasing any pack worth Rs.129 or more! Hurry & subscribe now:https://shemaroome.app.link/Liw2f3z14bb",Shemaroo Filmi Gaane,2015-12-02T08:50:49Z
K-GPX2PzDKM,Jaane Jaan Dhoondta Phir Raha | Jawani Diwani (1972) | Kishore Kumar & Asha Bhosle | Randhir & Jaya,"""Jaane Jaan Dhoondta Phir Raha"", a timeless romantic duet from the iconic film Jawani Diwani (1972). Featuring the charming Randhir Kapoor and graceful Jaya Bhaduri, this song captures the essence of youthful love and longing.

Don‚Äôt forget to subscribe for more timeless hits by the legendary Kishore Kumar & Asha Bhosle! @kishorekumarhitsongs  @ashabhoslehitsongs 

Jaane Jaan Dhoondta Phir Raha | Jawani Diwani (1972) | Kishore Kumar & Asha Bhosle | Randhir & Jaya

Song : Jaane Jaan Dhoondta Phir Raha
Movie : Jawani Diwani (1972)
Sta Cast : Randhir Kapoor, Jaya Bhaduri
Singer : Kishore Kumar, Asha Bhosle
Music Director : R. D. Burman
Lyricist : Anand Bakshi

Song Lyrics: 
Janejan dhundhata phir raha hu tumhe rat din
me yaha se vaha
janejan dhundhata phir raha hu tumhe rat din
me yaha se vaha
mujhko aawaj do chhup gaye ho sanam tum kaha
me yaha, tum kaha, me yaha
janejan dhundhata phir raha hu tumhe rat din
me yaha se vaha

o mere humsafar pyar ke rah par
sath chale ham magar kya khabar
o mere humsafar pyar ke rah par
sath chale ham magar kya khabar
raste me kahe reh gaye humnashe
tum kahan, me yaha, tum kahan, me yaha
janeja dhundhati phir rahi hu tumhe rat din
me yaha se vaha
mujhko aawaj do chhup gaye ho sanam tum kaha
me yaha, tum kahan, me yaha

dil machalne laga yuhi dhalne laga
rang bhara pyar ka ye sama
dil machalne laga yuhi dhalne laga
rang bhara pyar ka ye sama
aaj aise me bas chhod ke chal diye
tum kaha, me yaha, tum kaha, me yaha
janejan dhundhata phir raha hu tumhe rat din
me yaha se vaha

pas ho tum khade mere dil me chhupe
aur mujhe kuchh pata na chala
pas ho tum khade mere dil me chhupe
aur mujhe kuchh pata na chala
dil me dekha nahi dekha sara jahan
tum kaha, me yaha, tum kaha, me yaha
janejan dhundhta phir raha hu tumhe rat din
me yaha se vaha
mujhko aawaj do chhup gaye ho sanam tum kaha
me yaha, tum kaha, me yaha

#JaaneJaanDhoondtaPhirRaha #JawaniDiwani #KishoreKumar #AshaBhosle #RDBurman #AnandBakshi #RandhirKapoor #JayaBhaduri #OldBollywoodSongs #ClassicHits #GoldenEraMusic 
#randhirkapoor #jayabhaduri #kishorekumar #ashabhosle #rdburman #hindisong #hindigane #hindiromanticsong #hindilovesong #lovesong #romanticsong #romantichindisongs #kishorekumar #kishorekumarsongs #kishorekumarhitsongs #kishorekumarhits #evergeenhitsongs #evergeenhits #oldhindisongs #oldsongs #romantichindisongs #romanticsongs

Connect with us on:
Facebook - https://www.facebook.com/ShemarooFilmiGaane/ 
Twitter - https://twitter.com/FilmiGaane 
Instagram - https://www.instagram.com/shemaroofilmigaane/?hl=en",Kishore Kumar Hit Songs,2025-08-12T14:00:28Z
